[
	{
		"id": 165,
		"color": 2,
		"conflict_degree":3,
		"stitch_degree":1,
		"conflict": [
			{"id": 163},
			{"id": 216},
			{"id": 218}
		],
		"stitch": [
			{"id": 166}
		]
	},
	{
		"id": 166,
		"color": 2,
		"conflict_degree":2,
		"stitch_degree":2,
		"conflict": [
			{"id": 216},
			{"id": 218}
		],
		"stitch": [
			{"id": 165},
			{"id": 167}
		]
	},
	{
		"id": 167,
		"color": 2,
		"conflict_degree":5,
		"stitch_degree":2,
		"conflict": [
			{"id": 169},
			{"id": 208},
			{"id": 209},
			{"id": 215},
			{"id": 216}
		],
		"stitch": [
			{"id": 166},
			{"id": 168}
		]
	},
	{
		"id": 168,
		"color": 1,
		"conflict_degree":4,
		"stitch_degree":1,
		"conflict": [
			{"id": 212},
			{"id": 213},
			{"id": 214},
			{"id": 215}
		],
		"stitch": [
			{"id": 167}
		]
	},
	{
		"id": 169,
		"color": 0,
		"conflict_degree":5,
		"stitch_degree":1,
		"conflict": [
			{"id": 167},
			{"id": 207},
			{"id": 208},
			{"id": 209},
			{"id": 210}
		],
		"stitch": [
			{"id": 170}
		]
	},
	{
		"id": 170,
		"color": 0,
		"conflict_degree":4,
		"stitch_degree":2,
		"conflict": [
			{"id": 207},
			{"id": 208},
			{"id": 209},
			{"id": 210}
		],
		"stitch": [
			{"id": 169},
			{"id": 171}
		]
	},
	{
		"id": 171,
		"color": 0,
		"conflict_degree":3,
		"stitch_degree":2,
		"conflict": [
			{"id": 174},
			{"id": 206},
			{"id": 213}
		],
		"stitch": [
			{"id": 170},
			{"id": 172}
		]
	},
	{
		"id": 172,
		"color": 0,
		"conflict_degree":2,
		"stitch_degree":1,
		"conflict": [
			{"id": 173},
			{"id": 206}
		],
		"stitch": [
			{"id": 171}
		]
	},
	{
		"id": 208,
		"color": 1,
		"conflict_degree":5,
		"stitch_degree":1,
		"conflict": [
			{"id": 167},
			{"id": 169},
			{"id": 170},
			{"id": 211},
			{"id": 212}
		],
		"stitch": [
			{"id": 209}
		]
	},
	{
		"id": 209,
		"color": 1,
		"conflict_degree":5,
		"stitch_degree":2,
		"conflict": [
			{"id": 167},
			{"id": 169},
			{"id": 170},
			{"id": 211},
			{"id": 212}
		],
		"stitch": [
			{"id": 208},
			{"id": 210}
		]
	},
	{
		"id": 210,
		"color": 1,
		"conflict_degree":4,
		"stitch_degree":1,
		"conflict": [
			{"id": 169},
			{"id": 170},
			{"id": 211},
			{"id": 212}
		],
		"stitch": [
			{"id": 209}
		]
	},
	{
		"id": 211,
		"color": 2,
		"conflict_degree":3,
		"stitch_degree":1,
		"conflict": [
			{"id": 208},
			{"id": 209},
			{"id": 210}
		],
		"stitch": [
			{"id": 212}
		]
	},
	{
		"id": 212,
		"color": 2,
		"conflict_degree":5,
		"stitch_degree":2,
		"conflict": [
			{"id": 168},
			{"id": 208},
			{"id": 209},
			{"id": 210},
			{"id": 214}
		],
		"stitch": [
			{"id": 211},
			{"id": 213}
		]
	},
	{
		"id": 213,
		"color": 2,
		"conflict_degree":3,
		"stitch_degree":1,
		"conflict": [
			{"id": 168},
			{"id": 171},
			{"id": 214}
		],
		"stitch": [
			{"id": 212}
		]
	},
	{
		"id": 1853,
		"color": 2,
		"conflict_degree":3,
		"stitch_degree":1,
		"conflict": [
			{"id": 1851},
			{"id": 1852},
			{"id": 1887}
		],
		"stitch": [
			{"id": 1854}
		]
	},
	{
		"id": 1854,
		"color": 2,
		"conflict_degree":2,
		"stitch_degree":2,
		"conflict": [
			{"id": 1852},
			{"id": 1887}
		],
		"stitch": [
			{"id": 1853},
			{"id": 1855}
		]
	},
	{
		"id": 1855,
		"color": 2,
		"conflict_degree":4,
		"stitch_degree":2,
		"conflict": [
			{"id": 1857},
			{"id": 1860},
			{"id": 1888},
			{"id": 1889}
		],
		"stitch": [
			{"id": 1854},
			{"id": 1856}
		]
	},
	{
		"id": 1856,
		"color": 2,
		"conflict_degree":4,
		"stitch_degree":1,
		"conflict": [
			{"id": 1880},
			{"id": 1881},
			{"id": 1884},
			{"id": 1888}
		],
		"stitch": [
			{"id": 1855}
		]
	},
	{
		"id": 1857,
		"color": 1,
		"conflict_degree":4,
		"stitch_degree":1,
		"conflict": [
			{"id": 1855},
			{"id": 1860},
			{"id": 1861},
			{"id": 1886}
		],
		"stitch": [
			{"id": 1858}
		]
	},
	{
		"id": 1858,
		"color": 1,
		"conflict_degree":4,
		"stitch_degree":2,
		"conflict": [
			{"id": 1860},
			{"id": 1861},
			{"id": 1862},
			{"id": 1886}
		],
		"stitch": [
			{"id": 1857},
			{"id": 1859}
		]
	},
	{
		"id": 1859,
		"color": 1,
		"conflict_degree":3,
		"stitch_degree":1,
		"conflict": [
			{"id": 1861},
			{"id": 1862},
			{"id": 1886}
		],
		"stitch": [
			{"id": 1858}
		]
	},
	{
		"id": 1860,
		"color": 0,
		"conflict_degree":5,
		"stitch_degree":0,
		"conflict": [
			{"id": 1855},
			{"id": 1857},
			{"id": 1858},
			{"id": 1861},
			{"id": 1883}
		],
		"stitch": []
	},
	{
		"id": 1861,
		"color": 2,
		"conflict_degree":6,
		"stitch_degree":1,
		"conflict": [
			{"id": 1857},
			{"id": 1858},
			{"id": 1859},
			{"id": 1860},
			{"id": 1877},
			{"id": 1883}
		],
		"stitch": [
			{"id": 1862}
		]
	},
	{
		"id": 1862,
		"color": 2,
		"conflict_degree":6,
		"stitch_degree":2,
		"conflict": [
			{"id": 1858},
			{"id": 1859},
			{"id": 1877},
			{"id": 1878},
			{"id": 1879},
			{"id": 1883}
		],
		"stitch": [
			{"id": 1861},
			{"id": 1863}
		]
	},
	{
		"id": 1863,
		"color": 2,
		"conflict_degree":4,
		"stitch_degree":2,
		"conflict": [
			{"id": 1867},
			{"id": 1877},
			{"id": 1878},
			{"id": 1879}
		],
		"stitch": [
			{"id": 1862},
			{"id": 1864}
		]
	},
	{
		"id": 1864,
		"color": 2,
		"conflict_degree":5,
		"stitch_degree":1,
		"conflict": [
			{"id": 1867},
			{"id": 1868},
			{"id": 1877},
			{"id": 1878},
			{"id": 1879}
		],
		"stitch": [
			{"id": 1863}
		]
	},
	{
		"id": 1865,
		"color": 2,
		"conflict_degree":3,
		"stitch_degree":1,
		"conflict": [
			{"id": 1872},
			{"id": 1882},
			{"id": 1885}
		],
		"stitch": [
			{"id": 1866}
		]
	},
	{
		"id": 1866,
		"color": 2,
		"conflict_degree":2,
		"stitch_degree":2,
		"conflict": [
			{"id": 1872},
			{"id": 1885}
		],
		"stitch": [
			{"id": 1865},
			{"id": 1867}
		]
	},
	{
		"id": 1867,
		"color": 0,
		"conflict_degree":5,
		"stitch_degree":2,
		"conflict": [
			{"id": 1863},
			{"id": 1864},
			{"id": 1872},
			{"id": 1878},
			{"id": 1879}
		],
		"stitch": [
			{"id": 1866},
			{"id": 1868}
		]
	},
	{
		"id": 1868,
		"color": 0,
		"conflict_degree":2,
		"stitch_degree":2,
		"conflict": [
			{"id": 1864},
			{"id": 1876}
		],
		"stitch": [
			{"id": 1867},
			{"id": 1869}
		]
	},
	{
		"id": 1869,
		"color": 0,
		"conflict_degree":1,
		"stitch_degree":2,
		"conflict": [
			{"id": 1876}
		],
		"stitch": [
			{"id": 1868},
			{"id": 1870}
		]
	},
	{
		"id": 1870,
		"color": 0,
		"conflict_degree":2,
		"stitch_degree":2,
		"conflict": [
			{"id": 1873},
			{"id": 1876}
		],
		"stitch": [
			{"id": 1869},
			{"id": 1871}
		]
	},
	{
		"id": 1871,
		"color": 0,
		"conflict_degree":2,
		"stitch_degree":1,
		"conflict": [
			{"id": 1873},
			{"id": 1876}
		],
		"stitch": [
			{"id": 1870}
		]
	},
	{
		"id": 1877,
		"color": 1,
		"conflict_degree":6,
		"stitch_degree":1,
		"conflict": [
			{"id": 1861},
			{"id": 1862},
			{"id": 1863},
			{"id": 1864},
			{"id": 1881},
			{"id": 1882}
		],
		"stitch": [
			{"id": 1878}
		]
	},
	{
		"id": 1878,
		"color": 1,
		"conflict_degree":5,
		"stitch_degree":2,
		"conflict": [
			{"id": 1862},
			{"id": 1863},
			{"id": 1864},
			{"id": 1867},
			{"id": 1882}
		],
		"stitch": [
			{"id": 1877},
			{"id": 1879}
		]
	},
	{
		"id": 1879,
		"color": 1,
		"conflict_degree":4,
		"stitch_degree":1,
		"conflict": [
			{"id": 1862},
			{"id": 1863},
			{"id": 1864},
			{"id": 1867}
		],
		"stitch": [
			{"id": 1878}
		]
	},
	{
		"id": 1880,
		"color": 0,
		"conflict_degree":3,
		"stitch_degree":1,
		"conflict": [
			{"id": 1856},
			{"id": 1883},
			{"id": 1884}
		],
		"stitch": [
			{"id": 1881}
		]
	},
	{
		"id": 1881,
		"color": 0,
		"conflict_degree":5,
		"stitch_degree":2,
		"conflict": [
			{"id": 1856},
			{"id": 1877},
			{"id": 1883},
			{"id": 1884},
			{"id": 1885}
		],
		"stitch": [
			{"id": 1880},
			{"id": 1882}
		]
	},
	{
		"id": 1882,
		"color": 0,
		"conflict_degree":4,
		"stitch_degree":1,
		"conflict": [
			{"id": 1865},
			{"id": 1877},
			{"id": 1878},
			{"id": 1885}
		],
		"stitch": [
			{"id": 1881}
		]
	},
	{
		"id": 1883,
		"color": 1,
		"conflict_degree":5,
		"stitch_degree":0,
		"conflict": [
			{"id": 1860},
			{"id": 1861},
			{"id": 1862},
			{"id": 1880},
			{"id": 1881}
		],
		"stitch": []
	},
	{
		"id": 2005,
		"color": 1,
		"conflict_degree":5,
		"stitch_degree":1,
		"conflict": [
			{"id": 2002},
			{"id": 2009},
			{"id": 2011},
			{"id": 2013},
			{"id": 2014}
		],
		"stitch": [
			{"id": 2006}
		]
	},
	{
		"id": 2006,
		"color": 1,
		"conflict_degree":6,
		"stitch_degree":1,
		"conflict": [
			{"id": 2002},
			{"id": 2007},
			{"id": 2009},
			{"id": 2011},
			{"id": 2013},
			{"id": 2031}
		],
		"stitch": [
			{"id": 2005}
		]
	},
	{
		"id": 2007,
		"color": 2,
		"conflict_degree":3,
		"stitch_degree":1,
		"conflict": [
			{"id": 2006},
			{"id": 2009},
			{"id": 2010}
		],
		"stitch": [
			{"id": 2008}
		]
	},
	{
		"id": 2008,
		"color": 2,
		"conflict_degree":3,
		"stitch_degree":1,
		"conflict": [
			{"id": 2009},
			{"id": 2010},
			{"id": 2016}
		],
		"stitch": [
			{"id": 2007}
		]
	},
	{
		"id": 2009,
		"color": 0,
		"conflict_degree":6,
		"stitch_degree":1,
		"conflict": [
			{"id": 2005},
			{"id": 2006},
			{"id": 2007},
			{"id": 2008},
			{"id": 2011},
			{"id": 2012}
		],
		"stitch": [
			{"id": 2010}
		]
	},
	{
		"id": 2010,
		"color": 0,
		"conflict_degree":4,
		"stitch_degree":1,
		"conflict": [
			{"id": 2007},
			{"id": 2008},
			{"id": 2011},
			{"id": 2012}
		],
		"stitch": [
			{"id": 2009}
		]
	},
	{
		"id": 2011,
		"color": 2,
		"conflict_degree":5,
		"stitch_degree":1,
		"conflict": [
			{"id": 2005},
			{"id": 2006},
			{"id": 2009},
			{"id": 2010},
			{"id": 2013}
		],
		"stitch": [
			{"id": 2012}
		]
	},
	{
		"id": 2012,
		"color": 2,
		"conflict_degree":4,
		"stitch_degree":1,
		"conflict": [
			{"id": 2009},
			{"id": 2010},
			{"id": 2013},
			{"id": 2016}
		],
		"stitch": [
			{"id": 2011}
		]
	},
	{
		"id": 2013,
		"color": 0,
		"conflict_degree":5,
		"stitch_degree":1,
		"conflict": [
			{"id": 2005},
			{"id": 2006},
			{"id": 2011},
			{"id": 2012},
			{"id": 2029}
		],
		"stitch": [
			{"id": 2014}
		]
	},
	{
		"id": 2014,
		"color": 0,
		"conflict_degree":5,
		"stitch_degree":4,
		"conflict": [
			{"id": 2005},
			{"id": 2018},
			{"id": 2028},
			{"id": 2029},
			{"id": 2030}
		],
		"stitch": [
			{"id": 2013},
			{"id": 2015},
			{"id": 2016},
			{"id": 2017}
		]
	},
	{
		"id": 2015,
		"color": 0,
		"conflict_degree":3,
		"stitch_degree":1,
		"conflict": [
			{"id": 2018},
			{"id": 2028},
			{"id": 2030}
		],
		"stitch": [
			{"id": 2014}
		]
	},
	{
		"id": 2016,
		"color": 0,
		"conflict_degree":4,
		"stitch_degree":1,
		"conflict": [
			{"id": 2008},
			{"id": 2012},
			{"id": 2026},
			{"id": 2030}
		],
		"stitch": [
			{"id": 2014}
		]
	},
	{
		"id": 2017,
		"color": 0,
		"conflict_degree":2,
		"stitch_degree":1,
		"conflict": [
			{"id": 2029},
			{"id": 2030}
		],
		"stitch": [
			{"id": 2014}
		]
	},
	{
		"id": 2144,
		"color": 0,
		"conflict_degree":3,
		"stitch_degree":2,
		"conflict": [
			{"id": 2143},
			{"id": 2152},
			{"id": 2163}
		],
		"stitch": [
			{"id": 2145},
			{"id": 2148}
		]
	},
	{
		"id": 2145,
		"color": 0,
		"conflict_degree":3,
		"stitch_degree":2,
		"conflict": [
			{"id": 2150},
			{"id": 2152},
			{"id": 2153}
		],
		"stitch": [
			{"id": 2144},
			{"id": 2146}
		]
	},
	{
		"id": 2146,
		"color": 0,
		"conflict_degree":5,
		"stitch_degree":2,
		"conflict": [
			{"id": 2149},
			{"id": 2151},
			{"id": 2152},
			{"id": 2153},
			{"id": 2159}
		],
		"stitch": [
			{"id": 2145},
			{"id": 2147}
		]
	},
	{
		"id": 2147,
		"color": 0,
		"conflict_degree":4,
		"stitch_degree":1,
		"conflict": [
			{"id": 2149},
			{"id": 2151},
			{"id": 2153},
			{"id": 2159}
		],
		"stitch": [
			{"id": 2146}
		]
	},
	{
		"id": 2148,
		"color": 0,
		"conflict_degree":2,
		"stitch_degree":1,
		"conflict": [
			{"id": 2162},
			{"id": 2163}
		],
		"stitch": [
			{"id": 2144}
		]
	},
	{
		"id": 2151,
		"color": 1,
		"conflict_degree":5,
		"stitch_degree":0,
		"conflict": [
			{"id": 2146},
			{"id": 2147},
			{"id": 2153},
			{"id": 2154},
			{"id": 2159}
		],
		"stitch": []
	},
	{
		"id": 2152,
		"color": 2,
		"conflict_degree":4,
		"stitch_degree":1,
		"conflict": [
			{"id": 2144},
			{"id": 2145},
			{"id": 2146},
			{"id": 2157}
		],
		"stitch": [
			{"id": 2153}
		]
	},
	{
		"id": 2153,
		"color": 2,
		"conflict_degree":5,
		"stitch_degree":2,
		"conflict": [
			{"id": 2145},
			{"id": 2146},
			{"id": 2147},
			{"id": 2151},
			{"id": 2157}
		],
		"stitch": [
			{"id": 2152},
			{"id": 2154}
		]
	},
	{
		"id": 2154,
		"color": 2,
		"conflict_degree":4,
		"stitch_degree":2,
		"conflict": [
			{"id": 2151},
			{"id": 2157},
			{"id": 2158},
			{"id": 2161}
		],
		"stitch": [
			{"id": 2153},
			{"id": 2155}
		]
	},
	{
		"id": 2155,
		"color": 2,
		"conflict_degree":3,
		"stitch_degree":2,
		"conflict": [
			{"id": 2157},
			{"id": 2158},
			{"id": 2161}
		],
		"stitch": [
			{"id": 2154},
			{"id": 2156}
		]
	},
	{
		"id": 2156,
		"color": 2,
		"conflict_degree":1,
		"stitch_degree":1,
		"conflict": [
			{"id": 2157}
		],
		"stitch": [
			{"id": 2155}
		]
	},
	{
		"id": 2158,
		"color": 1,
		"conflict_degree":4,
		"stitch_degree":1,
		"conflict": [
			{"id": 2154},
			{"id": 2155},
			{"id": 2160},
			{"id": 2161}
		],
		"stitch": [
			{"id": 2159}
		]
	},
	{
		"id": 2159,
		"color": 2,
		"conflict_degree":4,
		"stitch_degree":1,
		"conflict": [
			{"id": 2146},
			{"id": 2147},
			{"id": 2151},
			{"id": 2160}
		],
		"stitch": [
			{"id": 2158}
		]
	}
]