[
	{
		"id": 276,
		"color": 0,
		"conflict_degree":2,
		"stitch_degree":1,
		"conflict": [
			{"id": 275},
			{"id": 349}
		],
		"stitch": [
			{"id": 277}
		]
	},
	{
		"id": 277,
		"color": 0,
		"conflict_degree":5,
		"stitch_degree":2,
		"conflict": [
			{"id": 275},
			{"id": 340},
			{"id": 343},
			{"id": 347},
			{"id": 349}
		],
		"stitch": [
			{"id": 276},
			{"id": 278}
		]
	},
	{
		"id": 278,
		"color": 2,
		"conflict_degree":3,
		"stitch_degree":2,
		"conflict": [
			{"id": 344},
			{"id": 345},
			{"id": 347}
		],
		"stitch": [
			{"id": 277},
			{"id": 279}
		]
	},
	{
		"id": 279,
		"color": 2,
		"conflict_degree":3,
		"stitch_degree":1,
		"conflict": [
			{"id": 280},
			{"id": 344},
			{"id": 345}
		],
		"stitch": [
			{"id": 278}
		]
	},
	{
		"id": 280,
		"color": 1,
		"conflict_degree":4,
		"stitch_degree":1,
		"conflict": [
			{"id": 279},
			{"id": 344},
			{"id": 345},
			{"id": 346}
		],
		"stitch": [
			{"id": 281}
		]
	},
	{
		"id": 281,
		"color": 1,
		"conflict_degree":4,
		"stitch_degree":2,
		"conflict": [
			{"id": 283},
			{"id": 338},
			{"id": 345},
			{"id": 346}
		],
		"stitch": [
			{"id": 280},
			{"id": 282}
		]
	},
	{
		"id": 282,
		"color": 1,
		"conflict_degree":6,
		"stitch_degree":1,
		"conflict": [
			{"id": 337},
			{"id": 338},
			{"id": 342},
			{"id": 345},
			{"id": 346},
			{"id": 348}
		],
		"stitch": [
			{"id": 281}
		]
	},
	{
		"id": 284,
		"color": 1,
		"conflict_degree":1,
		"stitch_degree":1,
		"conflict": [
			{"id": 336}
		],
		"stitch": [
			{"id": 285}
		]
	},
	{
		"id": 285,
		"color": 1,
		"conflict_degree":3,
		"stitch_degree":2,
		"conflict": [
			{"id": 283},
			{"id": 335},
			{"id": 336}
		],
		"stitch": [
			{"id": 284},
			{"id": 286}
		]
	},
	{
		"id": 286,
		"color": 1,
		"conflict_degree":6,
		"stitch_degree":2,
		"conflict": [
			{"id": 288},
			{"id": 291},
			{"id": 292},
			{"id": 294},
			{"id": 335},
			{"id": 336}
		],
		"stitch": [
			{"id": 285},
			{"id": 287}
		]
	},
	{
		"id": 287,
		"color": 1,
		"conflict_degree":4,
		"stitch_degree":1,
		"conflict": [
			{"id": 283},
			{"id": 291},
			{"id": 292},
			{"id": 294}
		],
		"stitch": [
			{"id": 286}
		]
	},
	{
		"id": 288,
		"color": 2,
		"conflict_degree":3,
		"stitch_degree":1,
		"conflict": [
			{"id": 286},
			{"id": 294},
			{"id": 295}
		],
		"stitch": [
			{"id": 289}
		]
	},
	{
		"id": 289,
		"color": 2,
		"conflict_degree":4,
		"stitch_degree":2,
		"conflict": [
			{"id": 294},
			{"id": 295},
			{"id": 297},
			{"id": 333}
		],
		"stitch": [
			{"id": 288},
			{"id": 290}
		]
	},
	{
		"id": 290,
		"color": 2,
		"conflict_degree":6,
		"stitch_degree":1,
		"conflict": [
			{"id": 293},
			{"id": 295},
			{"id": 296},
			{"id": 297},
			{"id": 333},
			{"id": 334}
		],
		"stitch": [
			{"id": 289}
		]
	},
	{
		"id": 291,
		"color": 2,
		"conflict_degree":3,
		"stitch_degree":1,
		"conflict": [
			{"id": 286},
			{"id": 287},
			{"id": 294}
		],
		"stitch": [
			{"id": 292}
		]
	},
	{
		"id": 292,
		"color": 2,
		"conflict_degree":4,
		"stitch_degree":2,
		"conflict": [
			{"id": 286},
			{"id": 287},
			{"id": 294},
			{"id": 295}
		],
		"stitch": [
			{"id": 291},
			{"id": 293}
		]
	},
	{
		"id": 293,
		"color": 1,
		"conflict_degree":3,
		"stitch_degree":1,
		"conflict": [
			{"id": 290},
			{"id": 294},
			{"id": 295}
		],
		"stitch": [
			{"id": 292}
		]
	},
	{
		"id": 294,
		"color": 0,
		"conflict_degree":7,
		"stitch_degree":1,
		"conflict": [
			{"id": 286},
			{"id": 287},
			{"id": 288},
			{"id": 289},
			{"id": 291},
			{"id": 292},
			{"id": 293}
		],
		"stitch": [
			{"id": 295}
		]
	},
	{
		"id": 295,
		"color": 0,
		"conflict_degree":5,
		"stitch_degree":1,
		"conflict": [
			{"id": 288},
			{"id": 289},
			{"id": 290},
			{"id": 292},
			{"id": 293}
		],
		"stitch": [
			{"id": 294}
		]
	},
	{
		"id": 340,
		"color": 2,
		"conflict_degree":4,
		"stitch_degree":1,
		"conflict": [
			{"id": 277},
			{"id": 343},
			{"id": 344},
			{"id": 347}
		],
		"stitch": [
			{"id": 341}
		]
	},
	{
		"id": 341,
		"color": 2,
		"conflict_degree":6,
		"stitch_degree":2,
		"conflict": [
			{"id": 343},
			{"id": 344},
			{"id": 345},
			{"id": 346},
			{"id": 347},
			{"id": 348}
		],
		"stitch": [
			{"id": 340},
			{"id": 342}
		]
	},
	{
		"id": 342,
		"color": 2,
		"conflict_degree":5,
		"stitch_degree":1,
		"conflict": [
			{"id": 282},
			{"id": 344},
			{"id": 345},
			{"id": 346},
			{"id": 348}
		],
		"stitch": [
			{"id": 341}
		]
	},
	{
		"id": 344,
		"color": 0,
		"conflict_degree":7,
		"stitch_degree":1,
		"conflict": [
			{"id": 278},
			{"id": 279},
			{"id": 280},
			{"id": 340},
			{"id": 341},
			{"id": 342},
			{"id": 347}
		],
		"stitch": [
			{"id": 345}
		]
	},
	{
		"id": 345,
		"color": 0,
		"conflict_degree":7,
		"stitch_degree":2,
		"conflict": [
			{"id": 278},
			{"id": 279},
			{"id": 280},
			{"id": 281},
			{"id": 282},
			{"id": 341},
			{"id": 342}
		],
		"stitch": [
			{"id": 344},
			{"id": 346}
		]
	},
	{
		"id": 346,
		"color": 0,
		"conflict_degree":5,
		"stitch_degree":1,
		"conflict": [
			{"id": 280},
			{"id": 281},
			{"id": 282},
			{"id": 341},
			{"id": 342}
		],
		"stitch": [
			{"id": 345}
		]
	},
	{
		"id": 347,
		"color": 1,
		"conflict_degree":5,
		"stitch_degree":0,
		"conflict": [
			{"id": 277},
			{"id": 278},
			{"id": 340},
			{"id": 341},
			{"id": 344}
		],
		"stitch": []
	},
	{
		"id": 365,
		"color": 2,
		"conflict_degree":2,
		"stitch_degree":1,
		"conflict": [
			{"id": 364},
			{"id": 394}
		],
		"stitch": [
			{"id": 366}
		]
	},
	{
		"id": 366,
		"color": 2,
		"conflict_degree":3,
		"stitch_degree":2,
		"conflict": [
			{"id": 389},
			{"id": 390},
			{"id": 394}
		],
		"stitch": [
			{"id": 365},
			{"id": 367}
		]
	},
	{
		"id": 367,
		"color": 2,
		"conflict_degree":5,
		"stitch_degree":3,
		"conflict": [
			{"id": 372},
			{"id": 389},
			{"id": 390},
			{"id": 392},
			{"id": 393}
		],
		"stitch": [
			{"id": 366},
			{"id": 368},
			{"id": 370}
		]
	},
	{
		"id": 368,
		"color": 2,
		"conflict_degree":2,
		"stitch_degree":2,
		"conflict": [
			{"id": 392},
			{"id": 393}
		],
		"stitch": [
			{"id": 367},
			{"id": 369}
		]
	},
	{
		"id": 369,
		"color": 2,
		"conflict_degree":2,
		"stitch_degree":1,
		"conflict": [
			{"id": 376},
			{"id": 392}
		],
		"stitch": [
			{"id": 368}
		]
	},
	{
		"id": 370,
		"color": 2,
		"conflict_degree":3,
		"stitch_degree":2,
		"conflict": [
			{"id": 392},
			{"id": 393},
			{"id": 394}
		],
		"stitch": [
			{"id": 367},
			{"id": 371}
		]
	},
	{
		"id": 371,
		"color": 2,
		"conflict_degree":1,
		"stitch_degree":1,
		"conflict": [
			{"id": 393}
		],
		"stitch": [
			{"id": 370}
		]
	},
	{
		"id": 372,
		"color": 1,
		"conflict_degree":4,
		"stitch_degree":1,
		"conflict": [
			{"id": 367},
			{"id": 389},
			{"id": 390},
			{"id": 391}
		],
		"stitch": [
			{"id": 373}
		]
	},
	{
		"id": 373,
		"color": 1,
		"conflict_degree":5,
		"stitch_degree":2,
		"conflict": [
			{"id": 375},
			{"id": 388},
			{"id": 389},
			{"id": 390},
			{"id": 391}
		],
		"stitch": [
			{"id": 372},
			{"id": 374}
		]
	},
	{
		"id": 374,
		"color": 1,
		"conflict_degree":3,
		"stitch_degree":1,
		"conflict": [
			{"id": 375},
			{"id": 376},
			{"id": 388}
		],
		"stitch": [
			{"id": 373}
		]
	},
	{
		"id": 389,
		"color": 0,
		"conflict_degree":5,
		"stitch_degree":0,
		"conflict": [
			{"id": 366},
			{"id": 367},
			{"id": 372},
			{"id": 373},
			{"id": 390}
		],
		"stitch": []
	},
	{
		"id": 390,
		"color": 0,
		"conflict_degree":5,
		"stitch_degree":0,
		"conflict": [
			{"id": 366},
			{"id": 367},
			{"id": 372},
			{"id": 373},
			{"id": 389}
		],
		"stitch": []
	},
	{
		"id": 2448,
		"color": 2,
		"conflict_degree":4,
		"stitch_degree":2,
		"conflict": [
			{"id": 2445},
			{"id": 2447},
			{"id": 2451},
			{"id": 2452}
		],
		"stitch": [
			{"id": 2449},
			{"id": 2450}
		]
	},
	{
		"id": 2449,
		"color": 2,
		"conflict_degree":2,
		"stitch_degree":1,
		"conflict": [
			{"id": 2451},
			{"id": 2452}
		],
		"stitch": [
			{"id": 2448}
		]
	},
	{
		"id": 2450,
		"color": 2,
		"conflict_degree":6,
		"stitch_degree":1,
		"conflict": [
			{"id": 2447},
			{"id": 2451},
			{"id": 2452},
			{"id": 2453},
			{"id": 2462},
			{"id": 2463}
		],
		"stitch": [
			{"id": 2448}
		]
	},
	{
		"id": 2451,
		"color": 1,
		"conflict_degree":5,
		"stitch_degree":1,
		"conflict": [
			{"id": 2448},
			{"id": 2449},
			{"id": 2450},
			{"id": 2453},
			{"id": 2454}
		],
		"stitch": [
			{"id": 2452}
		]
	},
	{
		"id": 2452,
		"color": 1,
		"conflict_degree":7,
		"stitch_degree":1,
		"conflict": [
			{"id": 2448},
			{"id": 2449},
			{"id": 2450},
			{"id": 2453},
			{"id": 2454},
			{"id": 2455},
			{"id": 2458}
		],
		"stitch": [
			{"id": 2451}
		]
	},
	{
		"id": 2453,
		"color": 0,
		"conflict_degree":4,
		"stitch_degree":1,
		"conflict": [
			{"id": 2450},
			{"id": 2451},
			{"id": 2452},
			{"id": 2462}
		],
		"stitch": [
			{"id": 2454}
		]
	},
	{
		"id": 2454,
		"color": 0,
		"conflict_degree":3,
		"stitch_degree":2,
		"conflict": [
			{"id": 2451},
			{"id": 2452},
			{"id": 2462}
		],
		"stitch": [
			{"id": 2453},
			{"id": 2455}
		]
	},
	{
		"id": 2455,
		"color": 0,
		"conflict_degree":2,
		"stitch_degree":1,
		"conflict": [
			{"id": 2452},
			{"id": 2458}
		],
		"stitch": [
			{"id": 2454}
		]
	},
	{
		"id": 2456,
		"color": 2,
		"conflict_degree":1,
		"stitch_degree":1,
		"conflict": [
			{"id": 2462}
		],
		"stitch": [
			{"id": 2457}
		]
	},
	{
		"id": 2457,
		"color": 2,
		"conflict_degree":1,
		"stitch_degree":2,
		"conflict": [
			{"id": 2461}
		],
		"stitch": [
			{"id": 2456},
			{"id": 2458}
		]
	},
	{
		"id": 2458,
		"color": 2,
		"conflict_degree":5,
		"stitch_degree":1,
		"conflict": [
			{"id": 2452},
			{"id": 2455},
			{"id": 2459},
			{"id": 2460},
			{"id": 2461}
		],
		"stitch": [
			{"id": 2457}
		]
	},
	{
		"id": 2462,
		"color": 1,
		"conflict_degree":4,
		"stitch_degree":0,
		"conflict": [
			{"id": 2450},
			{"id": 2453},
			{"id": 2454},
			{"id": 2456}
		],
		"stitch": []
	},
	{
		"id": 2679,
		"color": 1,
		"conflict_degree":1,
		"stitch_degree":1,
		"conflict": [
			{"id": 2677}
		],
		"stitch": [
			{"id": 2680}
		]
	},
	{
		"id": 2680,
		"color": 1,
		"conflict_degree":3,
		"stitch_degree":2,
		"conflict": [
			{"id": 2677},
			{"id": 2700},
			{"id": 2701}
		],
		"stitch": [
			{"id": 2679},
			{"id": 2681}
		]
	},
	{
		"id": 2681,
		"color": 1,
		"conflict_degree":5,
		"stitch_degree":1,
		"conflict": [
			{"id": 2682},
			{"id": 2700},
			{"id": 2701},
			{"id": 2702},
			{"id": 2704}
		],
		"stitch": [
			{"id": 2680}
		]
	},
	{
		"id": 2682,
		"color": 0,
		"conflict_degree":2,
		"stitch_degree":1,
		"conflict": [
			{"id": 2681},
			{"id": 2704}
		],
		"stitch": [
			{"id": 2683}
		]
	},
	{
		"id": 2683,
		"color": 0,
		"conflict_degree":3,
		"stitch_degree":2,
		"conflict": [
			{"id": 2685},
			{"id": 2697},
			{"id": 2704}
		],
		"stitch": [
			{"id": 2682},
			{"id": 2684}
		]
	},
	{
		"id": 2684,
		"color": 1,
		"conflict_degree":5,
		"stitch_degree":1,
		"conflict": [
			{"id": 2697},
			{"id": 2699},
			{"id": 2702},
			{"id": 2703},
			{"id": 2704}
		],
		"stitch": [
			{"id": 2683}
		]
	},
	{
		"id": 2700,
		"color": 0,
		"conflict_degree":2,
		"stitch_degree":1,
		"conflict": [
			{"id": 2680},
			{"id": 2681}
		],
		"stitch": [
			{"id": 2701}
		]
	},
	{
		"id": 2701,
		"color": 0,
		"conflict_degree":4,
		"stitch_degree":2,
		"conflict": [
			{"id": 2680},
			{"id": 2681},
			{"id": 2703},
			{"id": 2704}
		],
		"stitch": [
			{"id": 2700},
			{"id": 2702}
		]
	},
	{
		"id": 2702,
		"color": 0,
		"conflict_degree":4,
		"stitch_degree":1,
		"conflict": [
			{"id": 2681},
			{"id": 2684},
			{"id": 2703},
			{"id": 2704}
		],
		"stitch": [
			{"id": 2701}
		]
	},
	{
		"id": 2704,
		"color": 2,
		"conflict_degree":6,
		"stitch_degree":0,
		"conflict": [
			{"id": 2681},
			{"id": 2682},
			{"id": 2683},
			{"id": 2684},
			{"id": 2701},
			{"id": 2702}
		],
		"stitch": []
	},
	{
		"id": 2740,
		"color": 0,
		"conflict_degree":3,
		"stitch_degree":2,
		"conflict": [
			{"id": 2739},
			{"id": 2746},
			{"id": 2810}
		],
		"stitch": [
			{"id": 2741},
			{"id": 2742}
		]
	},
	{
		"id": 2741,
		"color": 1,
		"conflict_degree":2,
		"stitch_degree":1,
		"conflict": [
			{"id": 2743},
			{"id": 2746}
		],
		"stitch": [
			{"id": 2740}
		]
	},
	{
		"id": 2742,
		"color": 0,
		"conflict_degree":6,
		"stitch_degree":1,
		"conflict": [
			{"id": 2746},
			{"id": 2747},
			{"id": 2748},
			{"id": 2750},
			{"id": 2810},
			{"id": 2811}
		],
		"stitch": [
			{"id": 2740}
		]
	},
	{
		"id": 2743,
		"color": 0,
		"conflict_degree":4,
		"stitch_degree":1,
		"conflict": [
			{"id": 2741},
			{"id": 2746},
			{"id": 2748},
			{"id": 2749}
		],
		"stitch": [
			{"id": 2744}
		]
	},
	{
		"id": 2744,
		"color": 0,
		"conflict_degree":2,
		"stitch_degree":2,
		"conflict": [
			{"id": 2749},
			{"id": 2751}
		],
		"stitch": [
			{"id": 2743},
			{"id": 2745}
		]
	},
	{
		"id": 2745,
		"color": 0,
		"conflict_degree":1,
		"stitch_degree":1,
		"conflict": [
			{"id": 2751}
		],
		"stitch": [
			{"id": 2744}
		]
	},
	{
		"id": 2746,
		"color": 2,
		"conflict_degree":7,
		"stitch_degree":0,
		"conflict": [
			{"id": 2740},
			{"id": 2741},
			{"id": 2742},
			{"id": 2743},
			{"id": 2747},
			{"id": 2748},
			{"id": 2749}
		],
		"stitch": []
	},
	{
		"id": 2747,
		"color": 1,
		"conflict_degree":3,
		"stitch_degree":1,
		"conflict": [
			{"id": 2742},
			{"id": 2746},
			{"id": 2750}
		],
		"stitch": [
			{"id": 2748}
		]
	},
	{
		"id": 2748,
		"color": 1,
		"conflict_degree":4,
		"stitch_degree":2,
		"conflict": [
			{"id": 2742},
			{"id": 2743},
			{"id": 2746},
			{"id": 2750}
		],
		"stitch": [
			{"id": 2747},
			{"id": 2749}
		]
	},
	{
		"id": 2749,
		"color": 1,
		"conflict_degree":4,
		"stitch_degree":1,
		"conflict": [
			{"id": 2743},
			{"id": 2744},
			{"id": 2746},
			{"id": 2750}
		],
		"stitch": [
			{"id": 2748}
		]
	},
	{
		"id": 2836,
		"color": 2,
		"conflict_degree":3,
		"stitch_degree":1,
		"conflict": [
			{"id": 2835},
			{"id": 2852},
			{"id": 2859}
		],
		"stitch": [
			{"id": 2837}
		]
	},
	{
		"id": 2837,
		"color": 2,
		"conflict_degree":7,
		"stitch_degree":3,
		"conflict": [
			{"id": 2852},
			{"id": 2853},
			{"id": 2859},
			{"id": 2860},
			{"id": 2861},
			{"id": 2862},
			{"id": 2863}
		],
		"stitch": [
			{"id": 2836},
			{"id": 2838},
			{"id": 2840}
		]
	},
	{
		"id": 2838,
		"color": 2,
		"conflict_degree":3,
		"stitch_degree":2,
		"conflict": [
			{"id": 2842},
			{"id": 2860},
			{"id": 2863}
		],
		"stitch": [
			{"id": 2837},
			{"id": 2839}
		]
	},
	{
		"id": 2839,
		"color": 2,
		"conflict_degree":2,
		"stitch_degree":1,
		"conflict": [
			{"id": 2842},
			{"id": 2860}
		],
		"stitch": [
			{"id": 2838}
		]
	},
	{
		"id": 2840,
		"color": 2,
		"conflict_degree":3,
		"stitch_degree":2,
		"conflict": [
			{"id": 2852},
			{"id": 2853},
			{"id": 2862}
		],
		"stitch": [
			{"id": 2837},
			{"id": 2841}
		]
	},
	{
		"id": 2841,
		"color": 2,
		"conflict_degree":2,
		"stitch_degree":1,
		"conflict": [
			{"id": 2852},
			{"id": 2853}
		],
		"stitch": [
			{"id": 2840}
		]
	},
	{
		"id": 2842,
		"color": 0,
		"conflict_degree":3,
		"stitch_degree":1,
		"conflict": [
			{"id": 2838},
			{"id": 2839},
			{"id": 2851}
		],
		"stitch": [
			{"id": 2843}
		]
	},
	{
		"id": 2843,
		"color": 0,
		"conflict_degree":2,
		"stitch_degree":2,
		"conflict": [
			{"id": 2850},
			{"id": 2851}
		],
		"stitch": [
			{"id": 2842},
			{"id": 2844}
		]
	},
	{
		"id": 2844,
		"color": 0,
		"conflict_degree":6,
		"stitch_degree":3,
		"conflict": [
			{"id": 2850},
			{"id": 2851},
			{"id": 2853},
			{"id": 2854},
			{"id": 2856},
			{"id": 2857}
		],
		"stitch": [
			{"id": 2843},
			{"id": 2845},
			{"id": 2847}
		]
	},
	{
		"id": 2845,
		"color": 0,
		"conflict_degree":3,
		"stitch_degree":2,
		"conflict": [
			{"id": 2849},
			{"id": 2850},
			{"id": 2851}
		],
		"stitch": [
			{"id": 2844},
			{"id": 2846}
		]
	},
	{
		"id": 2846,
		"color": 0,
		"conflict_degree":1,
		"stitch_degree":1,
		"conflict": [
			{"id": 2850}
		],
		"stitch": [
			{"id": 2845}
		]
	},
	{
		"id": 2847,
		"color": 0,
		"conflict_degree":3,
		"stitch_degree":2,
		"conflict": [
			{"id": 2849},
			{"id": 2854},
			{"id": 2857}
		],
		"stitch": [
			{"id": 2844},
			{"id": 2848}
		]
	},
	{
		"id": 2848,
		"color": 0,
		"conflict_degree":1,
		"stitch_degree":1,
		"conflict": [
			{"id": 2849}
		],
		"stitch": [
			{"id": 2847}
		]
	},
	{
		"id": 2852,
		"color": 1,
		"conflict_degree":6,
		"stitch_degree":1,
		"conflict": [
			{"id": 2836},
			{"id": 2837},
			{"id": 2840},
			{"id": 2841},
			{"id": 2855},
			{"id": 2859}
		],
		"stitch": [
			{"id": 2853}
		]
	},
	{
		"id": 2853,
		"color": 1,
		"conflict_degree":8,
		"stitch_degree":2,
		"conflict": [
			{"id": 2837},
			{"id": 2840},
			{"id": 2841},
			{"id": 2844},
			{"id": 2855},
			{"id": 2856},
			{"id": 2857},
			{"id": 2859}
		],
		"stitch": [
			{"id": 2852},
			{"id": 2854}
		]
	},
	{
		"id": 2854,
		"color": 1,
		"conflict_degree":5,
		"stitch_degree":1,
		"conflict": [
			{"id": 2844},
			{"id": 2847},
			{"id": 2855},
			{"id": 2856},
			{"id": 2857}
		],
		"stitch": [
			{"id": 2853}
		]
	},
	{
		"id": 2855,
		"color": 2,
		"conflict_degree":5,
		"stitch_degree":1,
		"conflict": [
			{"id": 2852},
			{"id": 2853},
			{"id": 2854},
			{"id": 2858},
			{"id": 2859}
		],
		"stitch": [
			{"id": 2856}
		]
	},
	{
		"id": 2856,
		"color": 2,
		"conflict_degree":4,
		"stitch_degree":2,
		"conflict": [
			{"id": 2844},
			{"id": 2853},
			{"id": 2854},
			{"id": 2858}
		],
		"stitch": [
			{"id": 2855},
			{"id": 2857}
		]
	},
	{
		"id": 2857,
		"color": 2,
		"conflict_degree":4,
		"stitch_degree":1,
		"conflict": [
			{"id": 2844},
			{"id": 2847},
			{"id": 2853},
			{"id": 2854}
		],
		"stitch": [
			{"id": 2856}
		]
	},
	{
		"id": 2859,
		"color": 0,
		"conflict_degree":6,
		"stitch_degree":0,
		"conflict": [
			{"id": 2836},
			{"id": 2837},
			{"id": 2852},
			{"id": 2853},
			{"id": 2855},
			{"id": 2858}
		],
		"stitch": []
	},
	{
		"id": 2966,
		"color": 0,
		"conflict_degree":4,
		"stitch_degree":2,
		"conflict": [
			{"id": 2964},
			{"id": 2992},
			{"id": 2993},
			{"id": 2994}
		],
		"stitch": [
			{"id": 2967},
			{"id": 2968}
		]
	},
	{
		"id": 2967,
		"color": 0,
		"conflict_degree":2,
		"stitch_degree":1,
		"conflict": [
			{"id": 2992},
			{"id": 2993}
		],
		"stitch": [
			{"id": 2966}
		]
	},
	{
		"id": 2968,
		"color": 0,
		"conflict_degree":6,
		"stitch_degree":1,
		"conflict": [
			{"id": 2965},
			{"id": 2969},
			{"id": 2991},
			{"id": 2992},
			{"id": 2993},
			{"id": 2994}
		],
		"stitch": [
			{"id": 2966}
		]
	},
	{
		"id": 2969,
		"color": 2,
		"conflict_degree":4,
		"stitch_degree":1,
		"conflict": [
			{"id": 2968},
			{"id": 2991},
			{"id": 2992},
			{"id": 2993}
		],
		"stitch": [
			{"id": 2970}
		]
	},
	{
		"id": 2970,
		"color": 2,
		"conflict_degree":5,
		"stitch_degree":2,
		"conflict": [
			{"id": 2974},
			{"id": 2975},
			{"id": 2991},
			{"id": 2992},
			{"id": 2993}
		],
		"stitch": [
			{"id": 2969},
			{"id": 2971}
		]
	},
	{
		"id": 2971,
		"color": 2,
		"conflict_degree":4,
		"stitch_degree":1,
		"conflict": [
			{"id": 2974},
			{"id": 2975},
			{"id": 2976},
			{"id": 2993}
		],
		"stitch": [
			{"id": 2970}
		]
	},
	{
		"id": 2972,
		"color": 0,
		"conflict_degree":1,
		"stitch_degree":1,
		"conflict": [
			{"id": 2991}
		],
		"stitch": [
			{"id": 2973}
		]
	},
	{
		"id": 2973,
		"color": 0,
		"conflict_degree":1,
		"stitch_degree":2,
		"conflict": [
			{"id": 2978}
		],
		"stitch": [
			{"id": 2972},
			{"id": 2974}
		]
	},
	{
		"id": 2974,
		"color": 0,
		"conflict_degree":3,
		"stitch_degree":2,
		"conflict": [
			{"id": 2970},
			{"id": 2971},
			{"id": 2978}
		],
		"stitch": [
			{"id": 2973},
			{"id": 2975}
		]
	},
	{
		"id": 2975,
		"color": 0,
		"conflict_degree":4,
		"stitch_degree":2,
		"conflict": [
			{"id": 2970},
			{"id": 2971},
			{"id": 2978},
			{"id": 2979}
		],
		"stitch": [
			{"id": 2974},
			{"id": 2976}
		]
	},
	{
		"id": 2976,
		"color": 0,
		"conflict_degree":5,
		"stitch_degree":2,
		"conflict": [
			{"id": 2971},
			{"id": 2978},
			{"id": 2979},
			{"id": 2989},
			{"id": 2993}
		],
		"stitch": [
			{"id": 2975},
			{"id": 2977}
		]
	},
	{
		"id": 2977,
		"color": 0,
		"conflict_degree":1,
		"stitch_degree":1,
		"conflict": [
			{"id": 2989}
		],
		"stitch": [
			{"id": 2976}
		]
	},
	{
		"id": 2991,
		"color": 1,
		"conflict_degree":4,
		"stitch_degree":0,
		"conflict": [
			{"id": 2968},
			{"id": 2969},
			{"id": 2970},
			{"id": 2972}
		],
		"stitch": []
	},
	{
		"id": 2992,
		"color": 1,
		"conflict_degree":5,
		"stitch_degree":1,
		"conflict": [
			{"id": 2966},
			{"id": 2967},
			{"id": 2968},
			{"id": 2969},
			{"id": 2970}
		],
		"stitch": [
			{"id": 2993}
		]
	},
	{
		"id": 2993,
		"color": 1,
		"conflict_degree":7,
		"stitch_degree":1,
		"conflict": [
			{"id": 2966},
			{"id": 2967},
			{"id": 2968},
			{"id": 2969},
			{"id": 2970},
			{"id": 2971},
			{"id": 2976}
		],
		"stitch": [
			{"id": 2992}
		]
	},
	{
		"id": 3577,
		"color": 0,
		"conflict_degree":3,
		"stitch_degree":1,
		"conflict": [
			{"id": 3576},
			{"id": 3599},
			{"id": 3602}
		],
		"stitch": [
			{"id": 3578}
		]
	},
	{
		"id": 3578,
		"color": 0,
		"conflict_degree":3,
		"stitch_degree":2,
		"conflict": [
			{"id": 3576},
			{"id": 3599},
			{"id": 3600}
		],
		"stitch": [
			{"id": 3577},
			{"id": 3579}
		]
	},
	{
		"id": 3579,
		"color": 0,
		"conflict_degree":3,
		"stitch_degree":1,
		"conflict": [
			{"id": 3580},
			{"id": 3599},
			{"id": 3600}
		],
		"stitch": [
			{"id": 3578}
		]
	},
	{
		"id": 3580,
		"color": 1,
		"conflict_degree":4,
		"stitch_degree":0,
		"conflict": [
			{"id": 3579},
			{"id": 3582},
			{"id": 3583},
			{"id": 3600}
		],
		"stitch": []
	},
	{
		"id": 3581,
		"color": 0,
		"conflict_degree":1,
		"stitch_degree":1,
		"conflict": [
			{"id": 3596}
		],
		"stitch": [
			{"id": 3582}
		]
	},
	{
		"id": 3582,
		"color": 0,
		"conflict_degree":5,
		"stitch_degree":2,
		"conflict": [
			{"id": 3580},
			{"id": 3589},
			{"id": 3596},
			{"id": 3597},
			{"id": 3598}
		],
		"stitch": [
			{"id": 3581},
			{"id": 3583}
		]
	},
	{
		"id": 3583,
		"color": 0,
		"conflict_degree":9,
		"stitch_degree":4,
		"conflict": [
			{"id": 3580},
			{"id": 3587},
			{"id": 3588},
			{"id": 3589},
			{"id": 3597},
			{"id": 3598},
			{"id": 3599},
			{"id": 3600},
			{"id": 3601}
		],
		"stitch": [
			{"id": 3582},
			{"id": 3584},
			{"id": 3585},
			{"id": 3586}
		]
	},
	{
		"id": 3584,
		"color": 0,
		"conflict_degree":2,
		"stitch_degree":1,
		"conflict": [
			{"id": 3588},
			{"id": 3597}
		],
		"stitch": [
			{"id": 3583}
		]
	},
	{
		"id": 3585,
		"color": 0,
		"conflict_degree":2,
		"stitch_degree":1,
		"conflict": [
			{"id": 3598},
			{"id": 3601}
		],
		"stitch": [
			{"id": 3583}
		]
	},
	{
		"id": 3586,
		"color": 0,
		"conflict_degree":2,
		"stitch_degree":1,
		"conflict": [
			{"id": 3587},
			{"id": 3601}
		],
		"stitch": [
			{"id": 3583}
		]
	},
	{
		"id": 3599,
		"color": 1,
		"conflict_degree":5,
		"stitch_degree":0,
		"conflict": [
			{"id": 3577},
			{"id": 3578},
			{"id": 3579},
			{"id": 3583},
			{"id": 3600}
		],
		"stitch": []
	},
	{
		"id": 3600,
		"color": 2,
		"conflict_degree":5,
		"stitch_degree":0,
		"conflict": [
			{"id": 3578},
			{"id": 3579},
			{"id": 3580},
			{"id": 3583},
			{"id": 3599}
		],
		"stitch": []
	},
	{
		"id": 4396,
		"color": 2,
		"conflict_degree":2,
		"stitch_degree":1,
		"conflict": [
			{"id": 4438},
			{"id": 4439}
		],
		"stitch": [
			{"id": 4397}
		]
	},
	{
		"id": 4397,
		"color": 2,
		"conflict_degree":4,
		"stitch_degree":2,
		"conflict": [
			{"id": 4403},
			{"id": 4438},
			{"id": 4439},
			{"id": 4440}
		],
		"stitch": [
			{"id": 4396},
			{"id": 4398}
		]
	},
	{
		"id": 4398,
		"color": 2,
		"conflict_degree":2,
		"stitch_degree":2,
		"conflict": [
			{"id": 4400},
			{"id": 4436}
		],
		"stitch": [
			{"id": 4397},
			{"id": 4399}
		]
	},
	{
		"id": 4399,
		"color": 2,
		"conflict_degree":4,
		"stitch_degree":1,
		"conflict": [
			{"id": 4400},
			{"id": 4401},
			{"id": 4406},
			{"id": 4436}
		],
		"stitch": [
			{"id": 4398}
		]
	},
	{
		"id": 4400,
		"color": 1,
		"conflict_degree":5,
		"stitch_degree":1,
		"conflict": [
			{"id": 4398},
			{"id": 4399},
			{"id": 4403},
			{"id": 4404},
			{"id": 4405}
		],
		"stitch": [
			{"id": 4401}
		]
	},
	{
		"id": 4401,
		"color": 1,
		"conflict_degree":4,
		"stitch_degree":2,
		"conflict": [
			{"id": 4399},
			{"id": 4404},
			{"id": 4405},
			{"id": 4408}
		],
		"stitch": [
			{"id": 4400},
			{"id": 4402}
		]
	},
	{
		"id": 4402,
		"color": 1,
		"conflict_degree":3,
		"stitch_degree":1,
		"conflict": [
			{"id": 4404},
			{"id": 4405},
			{"id": 4408}
		],
		"stitch": [
			{"id": 4401}
		]
	},
	{
		"id": 4403,
		"color": 0,
		"conflict_degree":2,
		"stitch_degree":1,
		"conflict": [
			{"id": 4397},
			{"id": 4400}
		],
		"stitch": [
			{"id": 4404}
		]
	},
	{
		"id": 4404,
		"color": 0,
		"conflict_degree":4,
		"stitch_degree":2,
		"conflict": [
			{"id": 4400},
			{"id": 4401},
			{"id": 4402},
			{"id": 4408}
		],
		"stitch": [
			{"id": 4403},
			{"id": 4405}
		]
	},
	{
		"id": 4405,
		"color": 0,
		"conflict_degree":4,
		"stitch_degree":1,
		"conflict": [
			{"id": 4400},
			{"id": 4401},
			{"id": 4402},
			{"id": 4408}
		],
		"stitch": [
			{"id": 4404}
		]
	},
	{
		"id": 4406,
		"color": 0,
		"conflict_degree":3,
		"stitch_degree":1,
		"conflict": [
			{"id": 4399},
			{"id": 4436},
			{"id": 4437}
		],
		"stitch": [
			{"id": 4407}
		]
	},
	{
		"id": 4407,
		"color": 0,
		"conflict_degree":2,
		"stitch_degree":2,
		"conflict": [
			{"id": 4436},
			{"id": 4437}
		],
		"stitch": [
			{"id": 4406},
			{"id": 4408}
		]
	},
	{
		"id": 4408,
		"color": 2,
		"conflict_degree":7,
		"stitch_degree":1,
		"conflict": [
			{"id": 4401},
			{"id": 4402},
			{"id": 4404},
			{"id": 4405},
			{"id": 4409},
			{"id": 4411},
			{"id": 4437}
		],
		"stitch": [
			{"id": 4407}
		]
	},
	{
		"id": 6906,
		"color": 2,
		"conflict_degree":5,
		"stitch_degree":2,
		"conflict": [
			{"id": 6904},
			{"id": 6909},
			{"id": 6911},
			{"id": 6912},
			{"id": 6934}
		],
		"stitch": [
			{"id": 6907},
			{"id": 6908}
		]
	},
	{
		"id": 6907,
		"color": 2,
		"conflict_degree":5,
		"stitch_degree":1,
		"conflict": [
			{"id": 6905},
			{"id": 6911},
			{"id": 6912},
			{"id": 6934},
			{"id": 6935}
		],
		"stitch": [
			{"id": 6906}
		]
	},
	{
		"id": 6908,
		"color": 2,
		"conflict_degree":3,
		"stitch_degree":1,
		"conflict": [
			{"id": 6904},
			{"id": 6914},
			{"id": 6934}
		],
		"stitch": [
			{"id": 6906}
		]
	},
	{
		"id": 6909,
		"color": 1,
		"conflict_degree":4,
		"stitch_degree":1,
		"conflict": [
			{"id": 6906},
			{"id": 6911},
			{"id": 6912},
			{"id": 6913}
		],
		"stitch": [
			{"id": 6910}
		]
	},
	{
		"id": 6910,
		"color": 1,
		"conflict_degree":3,
		"stitch_degree":1,
		"conflict": [
			{"id": 6912},
			{"id": 6913},
			{"id": 6915}
		],
		"stitch": [
			{"id": 6909}
		]
	},
	{
		"id": 6911,
		"color": 0,
		"conflict_degree":3,
		"stitch_degree":1,
		"conflict": [
			{"id": 6906},
			{"id": 6907},
			{"id": 6909}
		],
		"stitch": [
			{"id": 6912}
		]
	},
	{
		"id": 6912,
		"color": 0,
		"conflict_degree":5,
		"stitch_degree":2,
		"conflict": [
			{"id": 6906},
			{"id": 6907},
			{"id": 6909},
			{"id": 6910},
			{"id": 6915}
		],
		"stitch": [
			{"id": 6911},
			{"id": 6913}
		]
	},
	{
		"id": 6913,
		"color": 0,
		"conflict_degree":3,
		"stitch_degree":1,
		"conflict": [
			{"id": 6909},
			{"id": 6910},
			{"id": 6915}
		],
		"stitch": [
			{"id": 6912}
		]
	},
	{
		"id": 6914,
		"color": 0,
		"conflict_degree":2,
		"stitch_degree":1,
		"conflict": [
			{"id": 6908},
			{"id": 6918}
		],
		"stitch": [
			{"id": 6915}
		]
	},
	{
		"id": 6915,
		"color": 2,
		"conflict_degree":6,
		"stitch_degree":1,
		"conflict": [
			{"id": 6910},
			{"id": 6912},
			{"id": 6913},
			{"id": 6916},
			{"id": 6917},
			{"id": 6918}
		],
		"stitch": [
			{"id": 6914}
		]
	},
	{
		"id": 7029,
		"color": 2,
		"conflict_degree":4,
		"stitch_degree":1,
		"conflict": [
			{"id": 7028},
			{"id": 7065},
			{"id": 7069},
			{"id": 7070}
		],
		"stitch": [
			{"id": 7030}
		]
	},
	{
		"id": 7030,
		"color": 2,
		"conflict_degree":1,
		"stitch_degree":2,
		"conflict": [
			{"id": 7028}
		],
		"stitch": [
			{"id": 7029},
			{"id": 7031}
		]
	},
	{
		"id": 7031,
		"color": 2,
		"conflict_degree":1,
		"stitch_degree":2,
		"conflict": [
			{"id": 7067}
		],
		"stitch": [
			{"id": 7030},
			{"id": 7032}
		]
	},
	{
		"id": 7032,
		"color": 2,
		"conflict_degree":4,
		"stitch_degree":2,
		"conflict": [
			{"id": 7034},
			{"id": 7037},
			{"id": 7067},
			{"id": 7068}
		],
		"stitch": [
			{"id": 7031},
			{"id": 7033}
		]
	},
	{
		"id": 7033,
		"color": 2,
		"conflict_degree":3,
		"stitch_degree":1,
		"conflict": [
			{"id": 7034},
			{"id": 7037},
			{"id": 7068}
		],
		"stitch": [
			{"id": 7032}
		]
	},
	{
		"id": 7034,
		"color": 1,
		"conflict_degree":6,
		"stitch_degree":2,
		"conflict": [
			{"id": 7032},
			{"id": 7033},
			{"id": 7039},
			{"id": 7064},
			{"id": 7066},
			{"id": 7068}
		],
		"stitch": [
			{"id": 7035},
			{"id": 7037}
		]
	},
	{
		"id": 7035,
		"color": 1,
		"conflict_degree":3,
		"stitch_degree":2,
		"conflict": [
			{"id": 7039},
			{"id": 7040},
			{"id": 7064}
		],
		"stitch": [
			{"id": 7034},
			{"id": 7036}
		]
	},
	{
		"id": 7036,
		"color": 1,
		"conflict_degree":1,
		"stitch_degree":1,
		"conflict": [
			{"id": 7064}
		],
		"stitch": [
			{"id": 7035}
		]
	},
	{
		"id": 7037,
		"color": 1,
		"conflict_degree":4,
		"stitch_degree":2,
		"conflict": [
			{"id": 7032},
			{"id": 7033},
			{"id": 7040},
			{"id": 7068}
		],
		"stitch": [
			{"id": 7034},
			{"id": 7038}
		]
	},
	{
		"id": 7038,
		"color": 1,
		"conflict_degree":2,
		"stitch_degree":1,
		"conflict": [
			{"id": 7040},
			{"id": 7041}
		],
		"stitch": [
			{"id": 7037}
		]
	},
	{
		"id": 7065,
		"color": 1,
		"conflict_degree":3,
		"stitch_degree":1,
		"conflict": [
			{"id": 7029},
			{"id": 7067},
			{"id": 7068}
		],
		"stitch": [
			{"id": 7066}
		]
	},
	{
		"id": 7066,
		"color": 2,
		"conflict_degree":3,
		"stitch_degree":1,
		"conflict": [
			{"id": 7034},
			{"id": 7067},
			{"id": 7068}
		],
		"stitch": [
			{"id": 7065}
		]
	},
	{
		"id": 7067,
		"color": 0,
		"conflict_degree":4,
		"stitch_degree":1,
		"conflict": [
			{"id": 7031},
			{"id": 7032},
			{"id": 7065},
			{"id": 7066}
		],
		"stitch": [
			{"id": 7068}
		]
	},
	{
		"id": 7068,
		"color": 0,
		"conflict_degree":6,
		"stitch_degree":1,
		"conflict": [
			{"id": 7032},
			{"id": 7033},
			{"id": 7034},
			{"id": 7037},
			{"id": 7065},
			{"id": 7066}
		],
		"stitch": [
			{"id": 7067}
		]
	},
	{
		"id": 9068,
		"color": 0,
		"conflict_degree":3,
		"stitch_degree":1,
		"conflict": [
			{"id": 9066},
			{"id": 9082},
			{"id": 9086}
		],
		"stitch": [
			{"id": 9069}
		]
	},
	{
		"id": 9069,
		"color": 0,
		"conflict_degree":7,
		"stitch_degree":3,
		"conflict": [
			{"id": 9067},
			{"id": 9082},
			{"id": 9083},
			{"id": 9086},
			{"id": 9094},
			{"id": 9095},
			{"id": 9096}
		],
		"stitch": [
			{"id": 9068},
			{"id": 9070},
			{"id": 9072}
		]
	},
	{
		"id": 9070,
		"color": 0,
		"conflict_degree":3,
		"stitch_degree":2,
		"conflict": [
			{"id": 9067},
			{"id": 9082},
			{"id": 9083}
		],
		"stitch": [
			{"id": 9069},
			{"id": 9071}
		]
	},
	{
		"id": 9071,
		"color": 0,
		"conflict_degree":3,
		"stitch_degree":1,
		"conflict": [
			{"id": 9082},
			{"id": 9083},
			{"id": 9084}
		],
		"stitch": [
			{"id": 9070}
		]
	},
	{
		"id": 9072,
		"color": 0,
		"conflict_degree":3,
		"stitch_degree":2,
		"conflict": [
			{"id": 9074},
			{"id": 9095},
			{"id": 9096}
		],
		"stitch": [
			{"id": 9069},
			{"id": 9073}
		]
	},
	{
		"id": 9073,
		"color": 0,
		"conflict_degree":2,
		"stitch_degree":1,
		"conflict": [
			{"id": 9074},
			{"id": 9095}
		],
		"stitch": [
			{"id": 9072}
		]
	},
	{
		"id": 9074,
		"color": 2,
		"conflict_degree":5,
		"stitch_degree":1,
		"conflict": [
			{"id": 9072},
			{"id": 9073},
			{"id": 9088},
			{"id": 9089},
			{"id": 9092}
		],
		"stitch": [
			{"id": 9075}
		]
	},
	{
		"id": 9075,
		"color": 2,
		"conflict_degree":3,
		"stitch_degree":2,
		"conflict": [
			{"id": 9090},
			{"id": 9092},
			{"id": 9093}
		],
		"stitch": [
			{"id": 9074},
			{"id": 9076}
		]
	},
	{
		"id": 9076,
		"color": 2,
		"conflict_degree":7,
		"stitch_degree":3,
		"conflict": [
			{"id": 9081},
			{"id": 9084},
			{"id": 9085},
			{"id": 9089},
			{"id": 9090},
			{"id": 9092},
			{"id": 9093}
		],
		"stitch": [
			{"id": 9075},
			{"id": 9077},
			{"id": 9079}
		]
	},
	{
		"id": 9077,
		"color": 2,
		"conflict_degree":5,
		"stitch_degree":2,
		"conflict": [
			{"id": 9081},
			{"id": 9084},
			{"id": 9085},
			{"id": 9090},
			{"id": 9091}
		],
		"stitch": [
			{"id": 9076},
			{"id": 9078}
		]
	},
	{
		"id": 9078,
		"color": 2,
		"conflict_degree":1,
		"stitch_degree":1,
		"conflict": [
			{"id": 9091}
		],
		"stitch": [
			{"id": 9077}
		]
	},
	{
		"id": 9079,
		"color": 2,
		"conflict_degree":3,
		"stitch_degree":2,
		"conflict": [
			{"id": 9091},
			{"id": 9092},
			{"id": 9093}
		],
		"stitch": [
			{"id": 9076},
			{"id": 9080}
		]
	},
	{
		"id": 9080,
		"color": 2,
		"conflict_degree":1,
		"stitch_degree":1,
		"conflict": [
			{"id": 9093}
		],
		"stitch": [
			{"id": 9079}
		]
	},
	{
		"id": 9081,
		"color": 0,
		"conflict_degree":6,
		"stitch_degree":0,
		"conflict": [
			{"id": 9076},
			{"id": 9077},
			{"id": 9084},
			{"id": 9085},
			{"id": 9089},
			{"id": 9090}
		],
		"stitch": []
	},
	{
		"id": 9082,
		"color": 1,
		"conflict_degree":5,
		"stitch_degree":1,
		"conflict": [
			{"id": 9068},
			{"id": 9069},
			{"id": 9070},
			{"id": 9071},
			{"id": 9086}
		],
		"stitch": [
			{"id": 9083}
		]
	},
	{
		"id": 9083,
		"color": 1,
		"conflict_degree":4,
		"stitch_degree":2,
		"conflict": [
			{"id": 9069},
			{"id": 9070},
			{"id": 9071},
			{"id": 9086}
		],
		"stitch": [
			{"id": 9082},
			{"id": 9084}
		]
	},
	{
		"id": 9084,
		"color": 1,
		"conflict_degree":4,
		"stitch_degree":2,
		"conflict": [
			{"id": 9071},
			{"id": 9076},
			{"id": 9077},
			{"id": 9081}
		],
		"stitch": [
			{"id": 9083},
			{"id": 9085}
		]
	},
	{
		"id": 9085,
		"color": 1,
		"conflict_degree":3,
		"stitch_degree":1,
		"conflict": [
			{"id": 9076},
			{"id": 9077},
			{"id": 9081}
		],
		"stitch": [
			{"id": 9084}
		]
	},
	{
		"id": 9086,
		"color": 2,
		"conflict_degree":6,
		"stitch_degree":0,
		"conflict": [
			{"id": 9068},
			{"id": 9069},
			{"id": 9082},
			{"id": 9083},
			{"id": 9087},
			{"id": 9088}
		],
		"stitch": []
	},
	{
		"id": 9087,
		"color": 1,
		"conflict_degree":1,
		"stitch_degree":1,
		"conflict": [
			{"id": 9086}
		],
		"stitch": [
			{"id": 9088}
		]
	},
	{
		"id": 9088,
		"color": 1,
		"conflict_degree":2,
		"stitch_degree":2,
		"conflict": [
			{"id": 9074},
			{"id": 9086}
		],
		"stitch": [
			{"id": 9087},
			{"id": 9089}
		]
	},
	{
		"id": 9089,
		"color": 1,
		"conflict_degree":3,
		"stitch_degree":2,
		"conflict": [
			{"id": 9074},
			{"id": 9076},
			{"id": 9081}
		],
		"stitch": [
			{"id": 9088},
			{"id": 9090}
		]
	},
	{
		"id": 9090,
		"color": 1,
		"conflict_degree":4,
		"stitch_degree":1,
		"conflict": [
			{"id": 9075},
			{"id": 9076},
			{"id": 9077},
			{"id": 9081}
		],
		"stitch": [
			{"id": 9089}
		]
	},
	{
		"id": 9199,
		"color": 0,
		"conflict_degree":4,
		"stitch_degree":1,
		"conflict": [
			{"id": 9197},
			{"id": 9201},
			{"id": 9202},
			{"id": 9221}
		],
		"stitch": [
			{"id": 9200}
		]
	},
	{
		"id": 9200,
		"color": 2,
		"conflict_degree":4,
		"stitch_degree":1,
		"conflict": [
			{"id": 9217},
			{"id": 9218},
			{"id": 9220},
			{"id": 9221}
		],
		"stitch": [
			{"id": 9199}
		]
	},
	{
		"id": 9201,
		"color": 1,
		"conflict_degree":5,
		"stitch_degree":0,
		"conflict": [
			{"id": 9199},
			{"id": 9202},
			{"id": 9203},
			{"id": 9216},
			{"id": 9217}
		],
		"stitch": []
	},
	{
		"id": 9202,
		"color": 2,
		"conflict_degree":3,
		"stitch_degree":1,
		"conflict": [
			{"id": 9199},
			{"id": 9201},
			{"id": 9206}
		],
		"stitch": [
			{"id": 9203}
		]
	},
	{
		"id": 9203,
		"color": 2,
		"conflict_degree":2,
		"stitch_degree":2,
		"conflict": [
			{"id": 9201},
			{"id": 9206}
		],
		"stitch": [
			{"id": 9202},
			{"id": 9204}
		]
	},
	{
		"id": 9204,
		"color": 2,
		"conflict_degree":5,
		"stitch_degree":1,
		"conflict": [
			{"id": 9205},
			{"id": 9207},
			{"id": 9215},
			{"id": 9218},
			{"id": 9219}
		],
		"stitch": [
			{"id": 9203}
		]
	},
	{
		"id": 9216,
		"color": 0,
		"conflict_degree":1,
		"stitch_degree":1,
		"conflict": [
			{"id": 9201}
		],
		"stitch": [
			{"id": 9217}
		]
	},
	{
		"id": 9217,
		"color": 0,
		"conflict_degree":3,
		"stitch_degree":2,
		"conflict": [
			{"id": 9200},
			{"id": 9201},
			{"id": 9220}
		],
		"stitch": [
			{"id": 9216},
			{"id": 9218}
		]
	},
	{
		"id": 9218,
		"color": 0,
		"conflict_degree":3,
		"stitch_degree":2,
		"conflict": [
			{"id": 9200},
			{"id": 9204},
			{"id": 9220}
		],
		"stitch": [
			{"id": 9217},
			{"id": 9219}
		]
	},
	{
		"id": 9219,
		"color": 0,
		"conflict_degree":2,
		"stitch_degree":1,
		"conflict": [
			{"id": 9204},
			{"id": 9220}
		],
		"stitch": [
			{"id": 9218}
		]
	}
]