[
	{
		"id": 2980,
		"color": 0,
		"conflict_degree":3,
		"stitch_degree":2,
		"conflict": [
			{"id": 2978},
			{"id": 2996},
			{"id": 3001}
		],
		"stitch": [
			{"id": 2983},
			{"id": 2981}
		]
	},
	{
		"id": 2981,
		"color": 0,
		"conflict_degree":2,
		"stitch_degree":2,
		"conflict": [
			{"id": 2978},
			{"id": 3001}
		],
		"stitch": [
			{"id": 2980},
			{"id": 2982}
		]
	},
	{
		"id": 2982,
		"color": 0,
		"conflict_degree":5,
		"stitch_degree":1,
		"conflict": [
			{"id": 2978},
			{"id": 2979},
			{"id": 2984},
			{"id": 2985},
			{"id": 3001}
		],
		"stitch": [
			{"id": 2981}
		]
	},
	{
		"id": 2983,
		"color": 0,
		"conflict_degree":5,
		"stitch_degree":1,
		"conflict": [
			{"id": 2978},
			{"id": 2996},
			{"id": 3001},
			{"id": 3002},
			{"id": 3003}
		],
		"stitch": [
			{"id": 2980}
		]
	},
	{
		"id": 2985,
		"color": 2,
		"conflict_degree":5,
		"stitch_degree":1,
		"conflict": [
			{"id": 2982},
			{"id": 2984},
			{"id": 2999},
			{"id": 3000},
			{"id": 3001}
		],
		"stitch": [
			{"id": 2986}
		]
	},
	{
		"id": 2986,
		"color": 2,
		"conflict_degree":4,
		"stitch_degree":2,
		"conflict": [
			{"id": 2984},
			{"id": 2995},
			{"id": 2999},
			{"id": 3000}
		],
		"stitch": [
			{"id": 2985},
			{"id": 2987}
		]
	},
	{
		"id": 2987,
		"color": 2,
		"conflict_degree":4,
		"stitch_degree":1,
		"conflict": [
			{"id": 2988},
			{"id": 2995},
			{"id": 2999},
			{"id": 3000}
		],
		"stitch": [
			{"id": 2986}
		]
	},
	{
		"id": 2996,
		"color": 2,
		"conflict_degree":5,
		"stitch_degree":1,
		"conflict": [
			{"id": 2980},
			{"id": 2983},
			{"id": 2999},
			{"id": 3000},
			{"id": 3001}
		],
		"stitch": [
			{"id": 2997}
		]
	},
	{
		"id": 2997,
		"color": 2,
		"conflict_degree":4,
		"stitch_degree":2,
		"conflict": [
			{"id": 2988},
			{"id": 2999},
			{"id": 3000},
			{"id": 3001}
		],
		"stitch": [
			{"id": 2996},
			{"id": 2998}
		]
	},
	{
		"id": 2998,
		"color": 2,
		"conflict_degree":2,
		"stitch_degree":1,
		"conflict": [
			{"id": 2988},
			{"id": 3000}
		],
		"stitch": [
			{"id": 2997}
		]
	},
	{
		"id": 2999,
		"color": 0,
		"conflict_degree":6,
		"stitch_degree":1,
		"conflict": [
			{"id": 2985},
			{"id": 2986},
			{"id": 2987},
			{"id": 2996},
			{"id": 2997},
			{"id": 3001}
		],
		"stitch": [
			{"id": 3000}
		]
	},
	{
		"id": 3000,
		"color": 0,
		"conflict_degree":6,
		"stitch_degree":1,
		"conflict": [
			{"id": 2985},
			{"id": 2986},
			{"id": 2987},
			{"id": 2996},
			{"id": 2997},
			{"id": 2998}
		],
		"stitch": [
			{"id": 2999}
		]
	},
	{
		"id": 3001,
		"color": 1,
		"conflict_degree":8,
		"stitch_degree":0,
		"conflict": [
			{"id": 2980},
			{"id": 2981},
			{"id": 2982},
			{"id": 2983},
			{"id": 2985},
			{"id": 2996},
			{"id": 2997},
			{"id": 2999}
		],
		"stitch": []
	},
	{
		"id": 3442,
		"color": 2,
		"conflict_degree":3,
		"stitch_degree":1,
		"conflict": [
			{"id": 3441},
			{"id": 3448},
			{"id": 3457}
		],
		"stitch": [
			{"id": 3443}
		]
	},
	{
		"id": 3443,
		"color": 0,
		"conflict_degree":3,
		"stitch_degree":2,
		"conflict": [
			{"id": 3441},
			{"id": 3446},
			{"id": 3448}
		],
		"stitch": [
			{"id": 3442},
			{"id": 3444}
		]
	},
	{
		"id": 3444,
		"color": 0,
		"conflict_degree":5,
		"stitch_degree":2,
		"conflict": [
			{"id": 3446},
			{"id": 3448},
			{"id": 3450},
			{"id": 3451},
			{"id": 3452}
		],
		"stitch": [
			{"id": 3443},
			{"id": 3445}
		]
	},
	{
		"id": 3445,
		"color": 0,
		"conflict_degree":4,
		"stitch_degree":1,
		"conflict": [
			{"id": 3450},
			{"id": 3451},
			{"id": 3452},
			{"id": 3455}
		],
		"stitch": [
			{"id": 3444}
		]
	},
	{
		"id": 3450,
		"color": 1,
		"conflict_degree":5,
		"stitch_degree":1,
		"conflict": [
			{"id": 3444},
			{"id": 3445},
			{"id": 3454},
			{"id": 3455},
			{"id": 3457}
		],
		"stitch": [
			{"id": 3451}
		]
	},
	{
		"id": 3451,
		"color": 1,
		"conflict_degree":4,
		"stitch_degree":2,
		"conflict": [
			{"id": 3444},
			{"id": 3445},
			{"id": 3446},
			{"id": 3455}
		],
		"stitch": [
			{"id": 3450},
			{"id": 3452}
		]
	},
	{
		"id": 3452,
		"color": 1,
		"conflict_degree":3,
		"stitch_degree":1,
		"conflict": [
			{"id": 3444},
			{"id": 3445},
			{"id": 3446}
		],
		"stitch": [
			{"id": 3451}
		]
	},
	{
		"id": 3453,
		"color": 2,
		"conflict_degree":3,
		"stitch_degree":1,
		"conflict": [
			{"id": 3456},
			{"id": 3457},
			{"id": 3458}
		],
		"stitch": [
			{"id": 3454}
		]
	},
	{
		"id": 3454,
		"color": 2,
		"conflict_degree":4,
		"stitch_degree":2,
		"conflict": [
			{"id": 3450},
			{"id": 3456},
			{"id": 3457},
			{"id": 3458}
		],
		"stitch": [
			{"id": 3453},
			{"id": 3455}
		]
	},
	{
		"id": 3455,
		"color": 2,
		"conflict_degree":6,
		"stitch_degree":1,
		"conflict": [
			{"id": 3445},
			{"id": 3450},
			{"id": 3451},
			{"id": 3456},
			{"id": 3457},
			{"id": 3458}
		],
		"stitch": [
			{"id": 3454}
		]
	},
	{
		"id": 3456,
		"color": 0,
		"conflict_degree":4,
		"stitch_degree":1,
		"conflict": [
			{"id": 3441},
			{"id": 3453},
			{"id": 3454},
			{"id": 3455}
		],
		"stitch": [
			{"id": 3457}
		]
	},
	{
		"id": 3457,
		"color": 0,
		"conflict_degree":5,
		"stitch_degree":1,
		"conflict": [
			{"id": 3442},
			{"id": 3450},
			{"id": 3453},
			{"id": 3454},
			{"id": 3455}
		],
		"stitch": [
			{"id": 3456}
		]
	},
	{
		"id": 3645,
		"color": 1,
		"conflict_degree":5,
		"stitch_degree":1,
		"conflict": [
			{"id": 3664},
			{"id": 3666},
			{"id": 3667},
			{"id": 3671},
			{"id": 3674}
		],
		"stitch": [
			{"id": 3646}
		]
	},
	{
		"id": 3646,
		"color": 1,
		"conflict_degree":5,
		"stitch_degree":4,
		"conflict": [
			{"id": 3644},
			{"id": 3650},
			{"id": 3670},
			{"id": 3673},
			{"id": 3674}
		],
		"stitch": [
			{"id": 3645},
			{"id": 3647},
			{"id": 3648},
			{"id": 3649}
		]
	},
	{
		"id": 3647,
		"color": 1,
		"conflict_degree":6,
		"stitch_degree":1,
		"conflict": [
			{"id": 3650},
			{"id": 3651},
			{"id": 3652},
			{"id": 3664},
			{"id": 3665},
			{"id": 3670}
		],
		"stitch": [
			{"id": 3646}
		]
	},
	{
		"id": 3648,
		"color": 1,
		"conflict_degree":3,
		"stitch_degree":1,
		"conflict": [
			{"id": 3644},
			{"id": 3673},
			{"id": 3674}
		],
		"stitch": [
			{"id": 3646}
		]
	},
	{
		"id": 3649,
		"color": 1,
		"conflict_degree":2,
		"stitch_degree":1,
		"conflict": [
			{"id": 3670},
			{"id": 3674}
		],
		"stitch": [
			{"id": 3646}
		]
	},
	{
		"id": 3650,
		"color": 0,
		"conflict_degree":3,
		"stitch_degree":2,
		"conflict": [
			{"id": 3646},
			{"id": 3647},
			{"id": 3665}
		],
		"stitch": [
			{"id": 3651},
			{"id": 3652}
		]
	},
	{
		"id": 3651,
		"color": 0,
		"conflict_degree":4,
		"stitch_degree":1,
		"conflict": [
			{"id": 3647},
			{"id": 3665},
			{"id": 3668},
			{"id": 3669}
		],
		"stitch": [
			{"id": 3650}
		]
	},
	{
		"id": 3652,
		"color": 0,
		"conflict_degree":2,
		"stitch_degree":2,
		"conflict": [
			{"id": 3647},
			{"id": 3654}
		],
		"stitch": [
			{"id": 3650},
			{"id": 3653}
		]
	},
	{
		"id": 3653,
		"color": 0,
		"conflict_degree":2,
		"stitch_degree":1,
		"conflict": [
			{"id": 3654},
			{"id": 3663}
		],
		"stitch": [
			{"id": 3652}
		]
	},
	{
		"id": 3664,
		"color": 2,
		"conflict_degree":3,
		"stitch_degree":1,
		"conflict": [
			{"id": 3645},
			{"id": 3647},
			{"id": 3666}
		],
		"stitch": [
			{"id": 3665}
		]
	},
	{
		"id": 3665,
		"color": 2,
		"conflict_degree":4,
		"stitch_degree":1,
		"conflict": [
			{"id": 3647},
			{"id": 3650},
			{"id": 3651},
			{"id": 3666}
		],
		"stitch": [
			{"id": 3664}
		]
	},
	{
		"id": 3666,
		"color": 0,
		"conflict_degree":5,
		"stitch_degree":0,
		"conflict": [
			{"id": 3645},
			{"id": 3664},
			{"id": 3665},
			{"id": 3667},
			{"id": 3668}
		],
		"stitch": []
	},
	{
		"id": 3667,
		"color": 2,
		"conflict_degree":2,
		"stitch_degree":1,
		"conflict": [
			{"id": 3645},
			{"id": 3666}
		],
		"stitch": [
			{"id": 3668}
		]
	},
	{
		"id": 3668,
		"color": 2,
		"conflict_degree":2,
		"stitch_degree":1,
		"conflict": [
			{"id": 3651},
			{"id": 3666}
		],
		"stitch": [
			{"id": 3667}
		]
	}
]