[
	{
		"id": 44,
		"color": 1,
		"conflict_degree":1,
		"stitch_degree":1,
		"conflict": [
			{"id": 42}
		],
		"stitch": [
			{"id": 45}
		]
	},
	{
		"id": 45,
		"color": 1,
		"conflict_degree":5,
		"stitch_degree":3,
		"conflict": [
			{"id": 51},
			{"id": 52},
			{"id": 71},
			{"id": 73},
			{"id": 75}
		],
		"stitch": [
			{"id": 44},
			{"id": 46},
			{"id": 47}
		]
	},
	{
		"id": 46,
		"color": 0,
		"conflict_degree":2,
		"stitch_degree":1,
		"conflict": [
			{"id": 69},
			{"id": 70}
		],
		"stitch": [
			{"id": 45}
		]
	},
	{
		"id": 47,
		"color": 1,
		"conflict_degree":6,
		"stitch_degree":4,
		"conflict": [
			{"id": 51},
			{"id": 52},
			{"id": 73},
			{"id": 75},
			{"id": 76},
			{"id": 77}
		],
		"stitch": [
			{"id": 45},
			{"id": 48},
			{"id": 49},
			{"id": 50}
		]
	},
	{
		"id": 48,
		"color": 1,
		"conflict_degree":1,
		"stitch_degree":1,
		"conflict": [
			{"id": 77}
		],
		"stitch": [
			{"id": 47}
		]
	},
	{
		"id": 49,
		"color": 1,
		"conflict_degree":2,
		"stitch_degree":1,
		"conflict": [
			{"id": 75},
			{"id": 77}
		],
		"stitch": [
			{"id": 47}
		]
	},
	{
		"id": 50,
		"color": 1,
		"conflict_degree":2,
		"stitch_degree":1,
		"conflict": [
			{"id": 75},
			{"id": 76}
		],
		"stitch": [
			{"id": 47}
		]
	},
	{
		"id": 51,
		"color": 2,
		"conflict_degree":3,
		"stitch_degree":1,
		"conflict": [
			{"id": 45},
			{"id": 47},
			{"id": 71}
		],
		"stitch": [
			{"id": 52}
		]
	},
	{
		"id": 52,
		"color": 2,
		"conflict_degree":3,
		"stitch_degree":2,
		"conflict": [
			{"id": 45},
			{"id": 47},
			{"id": 71}
		],
		"stitch": [
			{"id": 51},
			{"id": 53}
		]
	},
	{
		"id": 53,
		"color": 2,
		"conflict_degree":1,
		"stitch_degree":2,
		"conflict": [
			{"id": 71}
		],
		"stitch": [
			{"id": 52},
			{"id": 54}
		]
	},
	{
		"id": 54,
		"color": 2,
		"conflict_degree":3,
		"stitch_degree":2,
		"conflict": [
			{"id": 57},
			{"id": 70},
			{"id": 71}
		],
		"stitch": [
			{"id": 53},
			{"id": 55}
		]
	},
	{
		"id": 55,
		"color": 2,
		"conflict_degree":6,
		"stitch_degree":1,
		"conflict": [
			{"id": 56},
			{"id": 57},
			{"id": 67},
			{"id": 68},
			{"id": 70},
			{"id": 72}
		],
		"stitch": [
			{"id": 54}
		]
	},
	{
		"id": 69,
		"color": 1,
		"conflict_degree":2,
		"stitch_degree":1,
		"conflict": [
			{"id": 46},
			{"id": 71}
		],
		"stitch": [
			{"id": 70}
		]
	},
	{
		"id": 70,
		"color": 1,
		"conflict_degree":4,
		"stitch_degree":1,
		"conflict": [
			{"id": 46},
			{"id": 54},
			{"id": 55},
			{"id": 71}
		],
		"stitch": [
			{"id": 69}
		]
	},
	{
		"id": 71,
		"color": 0,
		"conflict_degree":7,
		"stitch_degree":0,
		"conflict": [
			{"id": 45},
			{"id": 51},
			{"id": 52},
			{"id": 53},
			{"id": 54},
			{"id": 69},
			{"id": 70}
		],
		"stitch": []
	},
	{
		"id": 267,
		"color": 2,
		"conflict_degree":5,
		"stitch_degree":1,
		"conflict": [
			{"id": 265},
			{"id": 266},
			{"id": 299},
			{"id": 303},
			{"id": 304}
		],
		"stitch": [
			{"id": 268}
		]
	},
	{
		"id": 268,
		"color": 2,
		"conflict_degree":2,
		"stitch_degree":2,
		"conflict": [
			{"id": 266},
			{"id": 295}
		],
		"stitch": [
			{"id": 267},
			{"id": 269}
		]
	},
	{
		"id": 269,
		"color": 2,
		"conflict_degree":2,
		"stitch_degree":1,
		"conflict": [
			{"id": 276},
			{"id": 295}
		],
		"stitch": [
			{"id": 268}
		]
	},
	{
		"id": 270,
		"color": 0,
		"conflict_degree":1,
		"stitch_degree":1,
		"conflict": [
			{"id": 302}
		],
		"stitch": [
			{"id": 271}
		]
	},
	{
		"id": 271,
		"color": 0,
		"conflict_degree":6,
		"stitch_degree":4,
		"conflict": [
			{"id": 293},
			{"id": 294},
			{"id": 299},
			{"id": 300},
			{"id": 301},
			{"id": 302}
		],
		"stitch": [
			{"id": 270},
			{"id": 272},
			{"id": 273},
			{"id": 277}
		]
	},
	{
		"id": 272,
		"color": 0,
		"conflict_degree":2,
		"stitch_degree":1,
		"conflict": [
			{"id": 301},
			{"id": 302}
		],
		"stitch": [
			{"id": 271}
		]
	},
	{
		"id": 273,
		"color": 0,
		"conflict_degree":5,
		"stitch_degree":3,
		"conflict": [
			{"id": 293},
			{"id": 298},
			{"id": 299},
			{"id": 300},
			{"id": 301}
		],
		"stitch": [
			{"id": 271},
			{"id": 274},
			{"id": 275}
		]
	},
	{
		"id": 274,
		"color": 0,
		"conflict_degree":1,
		"stitch_degree":1,
		"conflict": [
			{"id": 278}
		],
		"stitch": [
			{"id": 273}
		]
	},
	{
		"id": 275,
		"color": 0,
		"conflict_degree":3,
		"stitch_degree":2,
		"conflict": [
			{"id": 295},
			{"id": 296},
			{"id": 297}
		],
		"stitch": [
			{"id": 273},
			{"id": 276}
		]
	},
	{
		"id": 276,
		"color": 0,
		"conflict_degree":4,
		"stitch_degree":1,
		"conflict": [
			{"id": 269},
			{"id": 295},
			{"id": 296},
			{"id": 297}
		],
		"stitch": [
			{"id": 275}
		]
	},
	{
		"id": 277,
		"color": 0,
		"conflict_degree":2,
		"stitch_degree":1,
		"conflict": [
			{"id": 294},
			{"id": 301}
		],
		"stitch": [
			{"id": 271}
		]
	},
	{
		"id": 295,
		"color": 1,
		"conflict_degree":4,
		"stitch_degree":1,
		"conflict": [
			{"id": 268},
			{"id": 269},
			{"id": 275},
			{"id": 276}
		],
		"stitch": [
			{"id": 296}
		]
	},
	{
		"id": 296,
		"color": 1,
		"conflict_degree":3,
		"stitch_degree":2,
		"conflict": [
			{"id": 275},
			{"id": 276},
			{"id": 298}
		],
		"stitch": [
			{"id": 295},
			{"id": 297}
		]
	},
	{
		"id": 297,
		"color": 1,
		"conflict_degree":3,
		"stitch_degree":1,
		"conflict": [
			{"id": 275},
			{"id": 276},
			{"id": 298}
		],
		"stitch": [
			{"id": 296}
		]
	},
	{
		"id": 298,
		"color": 2,
		"conflict_degree":5,
		"stitch_degree":0,
		"conflict": [
			{"id": 273},
			{"id": 296},
			{"id": 297},
			{"id": 299},
			{"id": 300}
		],
		"stitch": []
	},
	{
		"id": 299,
		"color": 1,
		"conflict_degree":4,
		"stitch_degree":1,
		"conflict": [
			{"id": 267},
			{"id": 271},
			{"id": 273},
			{"id": 298}
		],
		"stitch": [
			{"id": 300}
		]
	},
	{
		"id": 300,
		"color": 1,
		"conflict_degree":3,
		"stitch_degree":1,
		"conflict": [
			{"id": 271},
			{"id": 273},
			{"id": 298}
		],
		"stitch": [
			{"id": 299}
		]
	},
	{
		"id": 525,
		"color": 2,
		"conflict_degree":4,
		"stitch_degree":1,
		"conflict": [
			{"id": 522},
			{"id": 531},
			{"id": 532},
			{"id": 533}
		],
		"stitch": [
			{"id": 526}
		]
	},
	{
		"id": 526,
		"color": 2,
		"conflict_degree":4,
		"stitch_degree":1,
		"conflict": [
			{"id": 527},
			{"id": 531},
			{"id": 532},
			{"id": 542}
		],
		"stitch": [
			{"id": 525}
		]
	},
	{
		"id": 527,
		"color": 0,
		"conflict_degree":3,
		"stitch_degree":1,
		"conflict": [
			{"id": 526},
			{"id": 529},
			{"id": 530}
		],
		"stitch": [
			{"id": 528}
		]
	},
	{
		"id": 528,
		"color": 0,
		"conflict_degree":3,
		"stitch_degree":1,
		"conflict": [
			{"id": 529},
			{"id": 530},
			{"id": 534}
		],
		"stitch": [
			{"id": 527}
		]
	},
	{
		"id": 529,
		"color": 2,
		"conflict_degree":4,
		"stitch_degree":1,
		"conflict": [
			{"id": 527},
			{"id": 528},
			{"id": 531},
			{"id": 534}
		],
		"stitch": [
			{"id": 530}
		]
	},
	{
		"id": 530,
		"color": 2,
		"conflict_degree":3,
		"stitch_degree":1,
		"conflict": [
			{"id": 527},
			{"id": 528},
			{"id": 534}
		],
		"stitch": [
			{"id": 529}
		]
	},
	{
		"id": 531,
		"color": 0,
		"conflict_degree":4,
		"stitch_degree":0,
		"conflict": [
			{"id": 525},
			{"id": 526},
			{"id": 529},
			{"id": 532}
		],
		"stitch": []
	},
	{
		"id": 532,
		"color": 1,
		"conflict_degree":4,
		"stitch_degree":1,
		"conflict": [
			{"id": 525},
			{"id": 526},
			{"id": 531},
			{"id": 541}
		],
		"stitch": [
			{"id": 533}
		]
	},
	{
		"id": 533,
		"color": 1,
		"conflict_degree":4,
		"stitch_degree":4,
		"conflict": [
			{"id": 525},
			{"id": 539},
			{"id": 540},
			{"id": 541}
		],
		"stitch": [
			{"id": 532},
			{"id": 534},
			{"id": 535},
			{"id": 536}
		]
	},
	{
		"id": 534,
		"color": 1,
		"conflict_degree":5,
		"stitch_degree":1,
		"conflict": [
			{"id": 528},
			{"id": 529},
			{"id": 530},
			{"id": 537},
			{"id": 540}
		],
		"stitch": [
			{"id": 533}
		]
	},
	{
		"id": 535,
		"color": 1,
		"conflict_degree":2,
		"stitch_degree":1,
		"conflict": [
			{"id": 539},
			{"id": 540}
		],
		"stitch": [
			{"id": 533}
		]
	},
	{
		"id": 536,
		"color": 1,
		"conflict_degree":2,
		"stitch_degree":1,
		"conflict": [
			{"id": 540},
			{"id": 541}
		],
		"stitch": [
			{"id": 533}
		]
	},
	{
		"id": 923,
		"color": 1,
		"conflict_degree":1,
		"stitch_degree":1,
		"conflict": [
			{"id": 921}
		],
		"stitch": [
			{"id": 924}
		]
	},
	{
		"id": 924,
		"color": 1,
		"conflict_degree":5,
		"stitch_degree":2,
		"conflict": [
			{"id": 921},
			{"id": 922},
			{"id": 948},
			{"id": 950},
			{"id": 954}
		],
		"stitch": [
			{"id": 923},
			{"id": 925}
		]
	},
	{
		"id": 925,
		"color": 1,
		"conflict_degree":4,
		"stitch_degree":5,
		"conflict": [
			{"id": 930},
			{"id": 953},
			{"id": 954},
			{"id": 955}
		],
		"stitch": [
			{"id": 924},
			{"id": 926},
			{"id": 927},
			{"id": 928},
			{"id": 929}
		]
	},
	{
		"id": 926,
		"color": 1,
		"conflict_degree":3,
		"stitch_degree":2,
		"conflict": [
			{"id": 930},
			{"id": 932},
			{"id": 953}
		],
		"stitch": [
			{"id": 925},
			{"id": 927}
		]
	},
	{
		"id": 927,
		"color": 1,
		"conflict_degree":5,
		"stitch_degree":2,
		"conflict": [
			{"id": 930},
			{"id": 931},
			{"id": 948},
			{"id": 949},
			{"id": 953}
		],
		"stitch": [
			{"id": 925},
			{"id": 926}
		]
	},
	{
		"id": 928,
		"color": 1,
		"conflict_degree":2,
		"stitch_degree":1,
		"conflict": [
			{"id": 953},
			{"id": 954}
		],
		"stitch": [
			{"id": 925}
		]
	},
	{
		"id": 929,
		"color": 1,
		"conflict_degree":2,
		"stitch_degree":1,
		"conflict": [
			{"id": 954},
			{"id": 955}
		],
		"stitch": [
			{"id": 925}
		]
	},
	{
		"id": 930,
		"color": 0,
		"conflict_degree":5,
		"stitch_degree":2,
		"conflict": [
			{"id": 925},
			{"id": 926},
			{"id": 927},
			{"id": 947},
			{"id": 949}
		],
		"stitch": [
			{"id": 931},
			{"id": 932}
		]
	},
	{
		"id": 931,
		"color": 0,
		"conflict_degree":5,
		"stitch_degree":1,
		"conflict": [
			{"id": 927},
			{"id": 947},
			{"id": 949},
			{"id": 951},
			{"id": 952}
		],
		"stitch": [
			{"id": 930}
		]
	},
	{
		"id": 932,
		"color": 0,
		"conflict_degree":2,
		"stitch_degree":2,
		"conflict": [
			{"id": 926},
			{"id": 944}
		],
		"stitch": [
			{"id": 930},
			{"id": 933}
		]
	},
	{
		"id": 933,
		"color": 0,
		"conflict_degree":2,
		"stitch_degree":1,
		"conflict": [
			{"id": 934},
			{"id": 944}
		],
		"stitch": [
			{"id": 932}
		]
	},
	{
		"id": 946,
		"color": 1,
		"conflict_degree":4,
		"stitch_degree":1,
		"conflict": [
			{"id": 948},
			{"id": 949},
			{"id": 950},
			{"id": 951}
		],
		"stitch": [
			{"id": 947}
		]
	},
	{
		"id": 947,
		"color": 1,
		"conflict_degree":6,
		"stitch_degree":1,
		"conflict": [
			{"id": 930},
			{"id": 931},
			{"id": 948},
			{"id": 949},
			{"id": 950},
			{"id": 951}
		],
		"stitch": [
			{"id": 946}
		]
	},
	{
		"id": 948,
		"color": 2,
		"conflict_degree":4,
		"stitch_degree":1,
		"conflict": [
			{"id": 924},
			{"id": 927},
			{"id": 946},
			{"id": 947}
		],
		"stitch": [
			{"id": 949}
		]
	},
	{
		"id": 949,
		"color": 2,
		"conflict_degree":5,
		"stitch_degree":1,
		"conflict": [
			{"id": 927},
			{"id": 930},
			{"id": 931},
			{"id": 946},
			{"id": 947}
		],
		"stitch": [
			{"id": 948}
		]
	},
	{
		"id": 950,
		"color": 2,
		"conflict_degree":3,
		"stitch_degree":1,
		"conflict": [
			{"id": 924},
			{"id": 946},
			{"id": 947}
		],
		"stitch": [
			{"id": 951}
		]
	},
	{
		"id": 951,
		"color": 2,
		"conflict_degree":3,
		"stitch_degree":1,
		"conflict": [
			{"id": 931},
			{"id": 946},
			{"id": 947}
		],
		"stitch": [
			{"id": 950}
		]
	},
	{
		"id": 1560,
		"color": 2,
		"conflict_degree":2,
		"stitch_degree":1,
		"conflict": [
			{"id": 1559},
			{"id": 1596}
		],
		"stitch": [
			{"id": 1561}
		]
	},
	{
		"id": 1561,
		"color": 2,
		"conflict_degree":2,
		"stitch_degree":2,
		"conflict": [
			{"id": 1559},
			{"id": 1596}
		],
		"stitch": [
			{"id": 1560},
			{"id": 1562}
		]
	},
	{
		"id": 1562,
		"color": 2,
		"conflict_degree":2,
		"stitch_degree":2,
		"conflict": [
			{"id": 1567},
			{"id": 1596}
		],
		"stitch": [
			{"id": 1561},
			{"id": 1563}
		]
	},
	{
		"id": 1563,
		"color": 2,
		"conflict_degree":1,
		"stitch_degree":2,
		"conflict": [
			{"id": 1567}
		],
		"stitch": [
			{"id": 1562},
			{"id": 1564}
		]
	},
	{
		"id": 1564,
		"color": 2,
		"conflict_degree":5,
		"stitch_degree":2,
		"conflict": [
			{"id": 1589},
			{"id": 1590},
			{"id": 1592},
			{"id": 1593},
			{"id": 1595}
		],
		"stitch": [
			{"id": 1563},
			{"id": 1565}
		]
	},
	{
		"id": 1565,
		"color": 0,
		"conflict_degree":2,
		"stitch_degree":2,
		"conflict": [
			{"id": 1568},
			{"id": 1595}
		],
		"stitch": [
			{"id": 1564},
			{"id": 1566}
		]
	},
	{
		"id": 1566,
		"color": 0,
		"conflict_degree":3,
		"stitch_degree":1,
		"conflict": [
			{"id": 1568},
			{"id": 1569},
			{"id": 1595}
		],
		"stitch": [
			{"id": 1565}
		]
	},
	{
		"id": 1569,
		"color": 2,
		"conflict_degree":4,
		"stitch_degree":1,
		"conflict": [
			{"id": 1566},
			{"id": 1568},
			{"id": 1593},
			{"id": 1594}
		],
		"stitch": [
			{"id": 1570}
		]
	},
	{
		"id": 1570,
		"color": 2,
		"conflict_degree":2,
		"stitch_degree":2,
		"conflict": [
			{"id": 1568},
			{"id": 1594}
		],
		"stitch": [
			{"id": 1569},
			{"id": 1571}
		]
	},
	{
		"id": 1571,
		"color": 2,
		"conflict_degree":4,
		"stitch_degree":1,
		"conflict": [
			{"id": 1572},
			{"id": 1573},
			{"id": 1588},
			{"id": 1591}
		],
		"stitch": [
			{"id": 1570}
		]
	},
	{
		"id": 1589,
		"color": 0,
		"conflict_degree":4,
		"stitch_degree":1,
		"conflict": [
			{"id": 1564},
			{"id": 1592},
			{"id": 1593},
			{"id": 1594}
		],
		"stitch": [
			{"id": 1590}
		]
	},
	{
		"id": 1590,
		"color": 0,
		"conflict_degree":4,
		"stitch_degree":2,
		"conflict": [
			{"id": 1564},
			{"id": 1592},
			{"id": 1593},
			{"id": 1594}
		],
		"stitch": [
			{"id": 1589},
			{"id": 1591}
		]
	},
	{
		"id": 1591,
		"color": 0,
		"conflict_degree":4,
		"stitch_degree":1,
		"conflict": [
			{"id": 1571},
			{"id": 1592},
			{"id": 1593},
			{"id": 1594}
		],
		"stitch": [
			{"id": 1590}
		]
	},
	{
		"id": 1592,
		"color": 1,
		"conflict_degree":4,
		"stitch_degree":1,
		"conflict": [
			{"id": 1564},
			{"id": 1589},
			{"id": 1590},
			{"id": 1591}
		],
		"stitch": [
			{"id": 1593}
		]
	},
	{
		"id": 1593,
		"color": 1,
		"conflict_degree":5,
		"stitch_degree":2,
		"conflict": [
			{"id": 1564},
			{"id": 1569},
			{"id": 1589},
			{"id": 1590},
			{"id": 1591}
		],
		"stitch": [
			{"id": 1592},
			{"id": 1594}
		]
	},
	{
		"id": 1594,
		"color": 1,
		"conflict_degree":5,
		"stitch_degree":1,
		"conflict": [
			{"id": 1569},
			{"id": 1570},
			{"id": 1589},
			{"id": 1590},
			{"id": 1591}
		],
		"stitch": [
			{"id": 1593}
		]
	},
	{
		"id": 2376,
		"color": 2,
		"conflict_degree":1,
		"stitch_degree":1,
		"conflict": [
			{"id": 2388}
		],
		"stitch": [
			{"id": 2377}
		]
	},
	{
		"id": 2377,
		"color": 2,
		"conflict_degree":6,
		"stitch_degree":1,
		"conflict": [
			{"id": 2375},
			{"id": 2378},
			{"id": 2379},
			{"id": 2381},
			{"id": 2382},
			{"id": 2387}
		],
		"stitch": [
			{"id": 2376}
		]
	},
	{
		"id": 2379,
		"color": 1,
		"conflict_degree":2,
		"stitch_degree":1,
		"conflict": [
			{"id": 2377},
			{"id": 2381}
		],
		"stitch": [
			{"id": 2380}
		]
	},
	{
		"id": 2380,
		"color": 1,
		"conflict_degree":2,
		"stitch_degree":1,
		"conflict": [
			{"id": 2381},
			{"id": 2383}
		],
		"stitch": [
			{"id": 2379}
		]
	},
	{
		"id": 2381,
		"color": 0,
		"conflict_degree":4,
		"stitch_degree":0,
		"conflict": [
			{"id": 2377},
			{"id": 2379},
			{"id": 2380},
			{"id": 2382}
		],
		"stitch": []
	},
	{
		"id": 2382,
		"color": 1,
		"conflict_degree":3,
		"stitch_degree":1,
		"conflict": [
			{"id": 2377},
			{"id": 2381},
			{"id": 2384}
		],
		"stitch": [
			{"id": 2383}
		]
	},
	{
		"id": 2383,
		"color": 2,
		"conflict_degree":4,
		"stitch_degree":1,
		"conflict": [
			{"id": 2380},
			{"id": 2384},
			{"id": 2385},
			{"id": 2386}
		],
		"stitch": [
			{"id": 2382}
		]
	},
	{
		"id": 2717,
		"color": 0,
		"conflict_degree":1,
		"stitch_degree":1,
		"conflict": [
			{"id": 2716}
		],
		"stitch": [
			{"id": 2718}
		]
	},
	{
		"id": 2718,
		"color": 0,
		"conflict_degree":1,
		"stitch_degree":2,
		"conflict": [
			{"id": 2723}
		],
		"stitch": [
			{"id": 2717},
			{"id": 2719}
		]
	},
	{
		"id": 2719,
		"color": 0,
		"conflict_degree":7,
		"stitch_degree":1,
		"conflict": [
			{"id": 2720},
			{"id": 2723},
			{"id": 2724},
			{"id": 2739},
			{"id": 2740},
			{"id": 2742},
			{"id": 2743}
		],
		"stitch": [
			{"id": 2718}
		]
	},
	{
		"id": 2720,
		"color": 2,
		"conflict_degree":4,
		"stitch_degree":1,
		"conflict": [
			{"id": 2719},
			{"id": 2723},
			{"id": 2724},
			{"id": 2725}
		],
		"stitch": [
			{"id": 2721}
		]
	},
	{
		"id": 2721,
		"color": 2,
		"conflict_degree":4,
		"stitch_degree":2,
		"conflict": [
			{"id": 2723},
			{"id": 2724},
			{"id": 2725},
			{"id": 2726}
		],
		"stitch": [
			{"id": 2720},
			{"id": 2722}
		]
	},
	{
		"id": 2722,
		"color": 2,
		"conflict_degree":2,
		"stitch_degree":1,
		"conflict": [
			{"id": 2725},
			{"id": 2726}
		],
		"stitch": [
			{"id": 2721}
		]
	},
	{
		"id": 2724,
		"color": 1,
		"conflict_degree":6,
		"stitch_degree":0,
		"conflict": [
			{"id": 2719},
			{"id": 2720},
			{"id": 2721},
			{"id": 2725},
			{"id": 2739},
			{"id": 2740}
		],
		"stitch": []
	},
	{
		"id": 2725,
		"color": 0,
		"conflict_degree":7,
		"stitch_degree":1,
		"conflict": [
			{"id": 2720},
			{"id": 2721},
			{"id": 2722},
			{"id": 2724},
			{"id": 2728},
			{"id": 2740},
			{"id": 2741}
		],
		"stitch": [
			{"id": 2726}
		]
	},
	{
		"id": 2726,
		"color": 0,
		"conflict_degree":5,
		"stitch_degree":2,
		"conflict": [
			{"id": 2721},
			{"id": 2722},
			{"id": 2728},
			{"id": 2740},
			{"id": 2741}
		],
		"stitch": [
			{"id": 2725},
			{"id": 2727}
		]
	},
	{
		"id": 2727,
		"color": 0,
		"conflict_degree":2,
		"stitch_degree":1,
		"conflict": [
			{"id": 2728},
			{"id": 2741}
		],
		"stitch": [
			{"id": 2726}
		]
	},
	{
		"id": 2739,
		"color": 2,
		"conflict_degree":2,
		"stitch_degree":1,
		"conflict": [
			{"id": 2719},
			{"id": 2724}
		],
		"stitch": [
			{"id": 2740}
		]
	},
	{
		"id": 2740,
		"color": 2,
		"conflict_degree":5,
		"stitch_degree":2,
		"conflict": [
			{"id": 2719},
			{"id": 2724},
			{"id": 2725},
			{"id": 2726},
			{"id": 2728}
		],
		"stitch": [
			{"id": 2739},
			{"id": 2741}
		]
	},
	{
		"id": 2741,
		"color": 2,
		"conflict_degree":4,
		"stitch_degree":1,
		"conflict": [
			{"id": 2725},
			{"id": 2726},
			{"id": 2727},
			{"id": 2728}
		],
		"stitch": [
			{"id": 2740}
		]
	},
	{
		"id": 3456,
		"color": 0,
		"conflict_degree":5,
		"stitch_degree":1,
		"conflict": [
			{"id": 3455},
			{"id": 3498},
			{"id": 3500},
			{"id": 3501},
			{"id": 3502}
		],
		"stitch": [
			{"id": 3457}
		]
	},
	{
		"id": 3457,
		"color": 2,
		"conflict_degree":3,
		"stitch_degree":2,
		"conflict": [
			{"id": 3459},
			{"id": 3496},
			{"id": 3497}
		],
		"stitch": [
			{"id": 3456},
			{"id": 3458}
		]
	},
	{
		"id": 3458,
		"color": 2,
		"conflict_degree":3,
		"stitch_degree":1,
		"conflict": [
			{"id": 3459},
			{"id": 3496},
			{"id": 3497}
		],
		"stitch": [
			{"id": 3457}
		]
	},
	{
		"id": 3459,
		"color": 0,
		"conflict_degree":2,
		"stitch_degree":1,
		"conflict": [
			{"id": 3457},
			{"id": 3458}
		],
		"stitch": [
			{"id": 3460}
		]
	},
	{
		"id": 3460,
		"color": 0,
		"conflict_degree":5,
		"stitch_degree":3,
		"conflict": [
			{"id": 3492},
			{"id": 3495},
			{"id": 3497},
			{"id": 3498},
			{"id": 3499}
		],
		"stitch": [
			{"id": 3459},
			{"id": 3461},
			{"id": 3462}
		]
	},
	{
		"id": 3461,
		"color": 0,
		"conflict_degree":1,
		"stitch_degree":1,
		"conflict": [
			{"id": 3467}
		],
		"stitch": [
			{"id": 3460}
		]
	},
	{
		"id": 3462,
		"color": 0,
		"conflict_degree":6,
		"stitch_degree":4,
		"conflict": [
			{"id": 3466},
			{"id": 3492},
			{"id": 3494},
			{"id": 3495},
			{"id": 3498},
			{"id": 3499}
		],
		"stitch": [
			{"id": 3460},
			{"id": 3463},
			{"id": 3464},
			{"id": 3465}
		]
	},
	{
		"id": 3463,
		"color": 0,
		"conflict_degree":2,
		"stitch_degree":1,
		"conflict": [
			{"id": 3466},
			{"id": 3495}
		],
		"stitch": [
			{"id": 3462}
		]
	},
	{
		"id": 3464,
		"color": 0,
		"conflict_degree":2,
		"stitch_degree":1,
		"conflict": [
			{"id": 3494},
			{"id": 3495}
		],
		"stitch": [
			{"id": 3462}
		]
	},
	{
		"id": 3465,
		"color": 0,
		"conflict_degree":1,
		"stitch_degree":1,
		"conflict": [
			{"id": 3494}
		],
		"stitch": [
			{"id": 3462}
		]
	},
	{
		"id": 3496,
		"color": 1,
		"conflict_degree":3,
		"stitch_degree":1,
		"conflict": [
			{"id": 3457},
			{"id": 3458},
			{"id": 3498}
		],
		"stitch": [
			{"id": 3497}
		]
	},
	{
		"id": 3497,
		"color": 1,
		"conflict_degree":5,
		"stitch_degree":1,
		"conflict": [
			{"id": 3457},
			{"id": 3458},
			{"id": 3460},
			{"id": 3498},
			{"id": 3499}
		],
		"stitch": [
			{"id": 3496}
		]
	},
	{
		"id": 3498,
		"color": 2,
		"conflict_degree":5,
		"stitch_degree":1,
		"conflict": [
			{"id": 3456},
			{"id": 3460},
			{"id": 3462},
			{"id": 3496},
			{"id": 3497}
		],
		"stitch": [
			{"id": 3499}
		]
	},
	{
		"id": 3499,
		"color": 2,
		"conflict_degree":3,
		"stitch_degree":1,
		"conflict": [
			{"id": 3460},
			{"id": 3462},
			{"id": 3497}
		],
		"stitch": [
			{"id": 3498}
		]
	},
	{
		"id": 3551,
		"color": 0,
		"conflict_degree":5,
		"stitch_degree":1,
		"conflict": [
			{"id": 3550},
			{"id": 3556},
			{"id": 3589},
			{"id": 3590},
			{"id": 3591}
		],
		"stitch": [
			{"id": 3552}
		]
	},
	{
		"id": 3552,
		"color": 2,
		"conflict_degree":2,
		"stitch_degree":2,
		"conflict": [
			{"id": 3550},
			{"id": 3588}
		],
		"stitch": [
			{"id": 3551},
			{"id": 3553}
		]
	},
	{
		"id": 3553,
		"color": 2,
		"conflict_degree":1,
		"stitch_degree":2,
		"conflict": [
			{"id": 3588}
		],
		"stitch": [
			{"id": 3552},
			{"id": 3554}
		]
	},
	{
		"id": 3554,
		"color": 2,
		"conflict_degree":3,
		"stitch_degree":2,
		"conflict": [
			{"id": 3560},
			{"id": 3561},
			{"id": 3588}
		],
		"stitch": [
			{"id": 3553},
			{"id": 3555}
		]
	},
	{
		"id": 3555,
		"color": 2,
		"conflict_degree":3,
		"stitch_degree":1,
		"conflict": [
			{"id": 3560},
			{"id": 3561},
			{"id": 3588}
		],
		"stitch": [
			{"id": 3554}
		]
	},
	{
		"id": 3556,
		"color": 2,
		"conflict_degree":4,
		"stitch_degree":1,
		"conflict": [
			{"id": 3551},
			{"id": 3558},
			{"id": 3559},
			{"id": 3588}
		],
		"stitch": [
			{"id": 3557}
		]
	},
	{
		"id": 3557,
		"color": 2,
		"conflict_degree":3,
		"stitch_degree":1,
		"conflict": [
			{"id": 3558},
			{"id": 3559},
			{"id": 3588}
		],
		"stitch": [
			{"id": 3556}
		]
	},
	{
		"id": 3558,
		"color": 1,
		"conflict_degree":2,
		"stitch_degree":1,
		"conflict": [
			{"id": 3556},
			{"id": 3557}
		],
		"stitch": [
			{"id": 3559}
		]
	},
	{
		"id": 3559,
		"color": 1,
		"conflict_degree":3,
		"stitch_degree":2,
		"conflict": [
			{"id": 3556},
			{"id": 3557},
			{"id": 3583}
		],
		"stitch": [
			{"id": 3558},
			{"id": 3560}
		]
	},
	{
		"id": 3560,
		"color": 1,
		"conflict_degree":7,
		"stitch_degree":3,
		"conflict": [
			{"id": 3554},
			{"id": 3555},
			{"id": 3583},
			{"id": 3584},
			{"id": 3585},
			{"id": 3587},
			{"id": 3588}
		],
		"stitch": [
			{"id": 3559},
			{"id": 3561},
			{"id": 3563}
		]
	},
	{
		"id": 3561,
		"color": 1,
		"conflict_degree":5,
		"stitch_degree":2,
		"conflict": [
			{"id": 3554},
			{"id": 3555},
			{"id": 3584},
			{"id": 3586},
			{"id": 3587}
		],
		"stitch": [
			{"id": 3560},
			{"id": 3562}
		]
	},
	{
		"id": 3562,
		"color": 1,
		"conflict_degree":2,
		"stitch_degree":1,
		"conflict": [
			{"id": 3586},
			{"id": 3587}
		],
		"stitch": [
			{"id": 3561}
		]
	},
	{
		"id": 3563,
		"color": 1,
		"conflict_degree":1,
		"stitch_degree":1,
		"conflict": [
			{"id": 3564}
		],
		"stitch": [
			{"id": 3560}
		]
	},
	{
		"id": 3588,
		"color": 0,
		"conflict_degree":7,
		"stitch_degree":0,
		"conflict": [
			{"id": 3552},
			{"id": 3553},
			{"id": 3554},
			{"id": 3555},
			{"id": 3556},
			{"id": 3557},
			{"id": 3560}
		],
		"stitch": []
	},
	{
		"id": 4584,
		"color": 0,
		"conflict_degree":1,
		"stitch_degree":1,
		"conflict": [
			{"id": 4582}
		],
		"stitch": [
			{"id": 4585}
		]
	},
	{
		"id": 4585,
		"color": 0,
		"conflict_degree":1,
		"stitch_degree":2,
		"conflict": [
			{"id": 4603}
		],
		"stitch": [
			{"id": 4584},
			{"id": 4586}
		]
	},
	{
		"id": 4586,
		"color": 0,
		"conflict_degree":5,
		"stitch_degree":2,
		"conflict": [
			{"id": 4583},
			{"id": 4588},
			{"id": 4599},
			{"id": 4601},
			{"id": 4603}
		],
		"stitch": [
			{"id": 4585},
			{"id": 4587}
		]
	},
	{
		"id": 4587,
		"color": 0,
		"conflict_degree":4,
		"stitch_degree":1,
		"conflict": [
			{"id": 4583},
			{"id": 4588},
			{"id": 4589},
			{"id": 4601}
		],
		"stitch": [
			{"id": 4586}
		]
	},
	{
		"id": 4588,
		"color": 1,
		"conflict_degree":5,
		"stitch_degree":1,
		"conflict": [
			{"id": 4586},
			{"id": 4587},
			{"id": 4597},
			{"id": 4601},
			{"id": 4602}
		],
		"stitch": [
			{"id": 4589}
		]
	},
	{
		"id": 4589,
		"color": 1,
		"conflict_degree":4,
		"stitch_degree":4,
		"conflict": [
			{"id": 4587},
			{"id": 4595},
			{"id": 4596},
			{"id": 4597}
		],
		"stitch": [
			{"id": 4588},
			{"id": 4590},
			{"id": 4591},
			{"id": 4592}
		]
	},
	{
		"id": 4590,
		"color": 1,
		"conflict_degree":2,
		"stitch_degree":1,
		"conflict": [
			{"id": 4595},
			{"id": 4597}
		],
		"stitch": [
			{"id": 4589}
		]
	},
	{
		"id": 4591,
		"color": 1,
		"conflict_degree":2,
		"stitch_degree":1,
		"conflict": [
			{"id": 4595},
			{"id": 4596}
		],
		"stitch": [
			{"id": 4589}
		]
	},
	{
		"id": 4592,
		"color": 1,
		"conflict_degree":5,
		"stitch_degree":1,
		"conflict": [
			{"id": 4593},
			{"id": 4595},
			{"id": 4598},
			{"id": 4600},
			{"id": 4602}
		],
		"stitch": [
			{"id": 4589}
		]
	},
	{
		"id": 4598,
		"color": 0,
		"conflict_degree":5,
		"stitch_degree":0,
		"conflict": [
			{"id": 4592},
			{"id": 4599},
			{"id": 4600},
			{"id": 4601},
			{"id": 4602}
		],
		"stitch": []
	},
	{
		"id": 4599,
		"color": 2,
		"conflict_degree":2,
		"stitch_degree":1,
		"conflict": [
			{"id": 4586},
			{"id": 4598}
		],
		"stitch": [
			{"id": 4600}
		]
	},
	{
		"id": 4600,
		"color": 2,
		"conflict_degree":2,
		"stitch_degree":1,
		"conflict": [
			{"id": 4592},
			{"id": 4598}
		],
		"stitch": [
			{"id": 4599}
		]
	},
	{
		"id": 4601,
		"color": 2,
		"conflict_degree":4,
		"stitch_degree":1,
		"conflict": [
			{"id": 4586},
			{"id": 4587},
			{"id": 4588},
			{"id": 4598}
		],
		"stitch": [
			{"id": 4602}
		]
	},
	{
		"id": 4602,
		"color": 2,
		"conflict_degree":3,
		"stitch_degree":1,
		"conflict": [
			{"id": 4588},
			{"id": 4592},
			{"id": 4598}
		],
		"stitch": [
			{"id": 4601}
		]
	},
	{
		"id": 4959,
		"color": 0,
		"conflict_degree":4,
		"stitch_degree":1,
		"conflict": [
			{"id": 4963},
			{"id": 4965},
			{"id": 4967},
			{"id": 4968}
		],
		"stitch": [
			{"id": 4960}
		]
	},
	{
		"id": 4960,
		"color": 0,
		"conflict_degree":5,
		"stitch_degree":1,
		"conflict": [
			{"id": 4961},
			{"id": 4963},
			{"id": 4965},
			{"id": 4967},
			{"id": 5027}
		],
		"stitch": [
			{"id": 4959}
		]
	},
	{
		"id": 4961,
		"color": 2,
		"conflict_degree":3,
		"stitch_degree":1,
		"conflict": [
			{"id": 4960},
			{"id": 4963},
			{"id": 4964}
		],
		"stitch": [
			{"id": 4962}
		]
	},
	{
		"id": 4962,
		"color": 2,
		"conflict_degree":3,
		"stitch_degree":1,
		"conflict": [
			{"id": 4963},
			{"id": 4964},
			{"id": 4969}
		],
		"stitch": [
			{"id": 4961}
		]
	},
	{
		"id": 4963,
		"color": 1,
		"conflict_degree":6,
		"stitch_degree":1,
		"conflict": [
			{"id": 4959},
			{"id": 4960},
			{"id": 4961},
			{"id": 4962},
			{"id": 4965},
			{"id": 4966}
		],
		"stitch": [
			{"id": 4964}
		]
	},
	{
		"id": 4964,
		"color": 1,
		"conflict_degree":4,
		"stitch_degree":1,
		"conflict": [
			{"id": 4961},
			{"id": 4962},
			{"id": 4965},
			{"id": 4966}
		],
		"stitch": [
			{"id": 4963}
		]
	},
	{
		"id": 4965,
		"color": 2,
		"conflict_degree":5,
		"stitch_degree":1,
		"conflict": [
			{"id": 4959},
			{"id": 4960},
			{"id": 4963},
			{"id": 4964},
			{"id": 4967}
		],
		"stitch": [
			{"id": 4966}
		]
	},
	{
		"id": 4966,
		"color": 2,
		"conflict_degree":4,
		"stitch_degree":1,
		"conflict": [
			{"id": 4963},
			{"id": 4964},
			{"id": 4967},
			{"id": 4969}
		],
		"stitch": [
			{"id": 4965}
		]
	},
	{
		"id": 4967,
		"color": 1,
		"conflict_degree":5,
		"stitch_degree":1,
		"conflict": [
			{"id": 4959},
			{"id": 4960},
			{"id": 4965},
			{"id": 4966},
			{"id": 5024}
		],
		"stitch": [
			{"id": 4968}
		]
	},
	{
		"id": 4968,
		"color": 1,
		"conflict_degree":4,
		"stitch_degree":4,
		"conflict": [
			{"id": 4959},
			{"id": 5024},
			{"id": 5025},
			{"id": 5026}
		],
		"stitch": [
			{"id": 4967},
			{"id": 4969},
			{"id": 4970},
			{"id": 4971}
		]
	},
	{
		"id": 4969,
		"color": 1,
		"conflict_degree":5,
		"stitch_degree":1,
		"conflict": [
			{"id": 4962},
			{"id": 4966},
			{"id": 4972},
			{"id": 5023},
			{"id": 5026}
		],
		"stitch": [
			{"id": 4968}
		]
	},
	{
		"id": 4970,
		"color": 1,
		"conflict_degree":2,
		"stitch_degree":1,
		"conflict": [
			{"id": 5024},
			{"id": 5026}
		],
		"stitch": [
			{"id": 4968}
		]
	},
	{
		"id": 4971,
		"color": 1,
		"conflict_degree":2,
		"stitch_degree":1,
		"conflict": [
			{"id": 5025},
			{"id": 5026}
		],
		"stitch": [
			{"id": 4968}
		]
	},
	{
		"id": 4980,
		"color": 1,
		"conflict_degree":4,
		"stitch_degree":1,
		"conflict": [
			{"id": 4979},
			{"id": 5009},
			{"id": 5013},
			{"id": 5015}
		],
		"stitch": [
			{"id": 4981}
		]
	},
	{
		"id": 4981,
		"color": 1,
		"conflict_degree":4,
		"stitch_degree":4,
		"conflict": [
			{"id": 4985},
			{"id": 5015},
			{"id": 5016},
			{"id": 5017}
		],
		"stitch": [
			{"id": 4980},
			{"id": 4982},
			{"id": 4983},
			{"id": 4984}
		]
	},
	{
		"id": 4982,
		"color": 1,
		"conflict_degree":2,
		"stitch_degree":1,
		"conflict": [
			{"id": 5015},
			{"id": 5017}
		],
		"stitch": [
			{"id": 4981}
		]
	},
	{
		"id": 4983,
		"color": 1,
		"conflict_degree":2,
		"stitch_degree":1,
		"conflict": [
			{"id": 5015},
			{"id": 5016}
		],
		"stitch": [
			{"id": 4981}
		]
	},
	{
		"id": 4984,
		"color": 1,
		"conflict_degree":6,
		"stitch_degree":1,
		"conflict": [
			{"id": 4985},
			{"id": 4986},
			{"id": 4987},
			{"id": 5013},
			{"id": 5014},
			{"id": 5017}
		],
		"stitch": [
			{"id": 4981}
		]
	},
	{
		"id": 4985,
		"color": 2,
		"conflict_degree":5,
		"stitch_degree":2,
		"conflict": [
			{"id": 4981},
			{"id": 4984},
			{"id": 4988},
			{"id": 5012},
			{"id": 5014}
		],
		"stitch": [
			{"id": 4986},
			{"id": 4987}
		]
	},
	{
		"id": 4986,
		"color": 2,
		"conflict_degree":5,
		"stitch_degree":1,
		"conflict": [
			{"id": 4984},
			{"id": 5008},
			{"id": 5010},
			{"id": 5012},
			{"id": 5014}
		],
		"stitch": [
			{"id": 4985}
		]
	},
	{
		"id": 4987,
		"color": 2,
		"conflict_degree":3,
		"stitch_degree":1,
		"conflict": [
			{"id": 4984},
			{"id": 4988},
			{"id": 5014}
		],
		"stitch": [
			{"id": 4985}
		]
	},
	{
		"id": 5009,
		"color": 0,
		"conflict_degree":3,
		"stitch_degree":1,
		"conflict": [
			{"id": 4980},
			{"id": 5011},
			{"id": 5012}
		],
		"stitch": [
			{"id": 5010}
		]
	},
	{
		"id": 5010,
		"color": 0,
		"conflict_degree":3,
		"stitch_degree":1,
		"conflict": [
			{"id": 4986},
			{"id": 5011},
			{"id": 5012}
		],
		"stitch": [
			{"id": 5009}
		]
	},
	{
		"id": 5011,
		"color": 1,
		"conflict_degree":4,
		"stitch_degree":1,
		"conflict": [
			{"id": 5009},
			{"id": 5010},
			{"id": 5013},
			{"id": 5014}
		],
		"stitch": [
			{"id": 5012}
		]
	},
	{
		"id": 5012,
		"color": 1,
		"conflict_degree":6,
		"stitch_degree":1,
		"conflict": [
			{"id": 4985},
			{"id": 4986},
			{"id": 5009},
			{"id": 5010},
			{"id": 5013},
			{"id": 5014}
		],
		"stitch": [
			{"id": 5011}
		]
	},
	{
		"id": 5013,
		"color": 0,
		"conflict_degree":4,
		"stitch_degree":1,
		"conflict": [
			{"id": 4980},
			{"id": 4984},
			{"id": 5011},
			{"id": 5012}
		],
		"stitch": [
			{"id": 5014}
		]
	},
	{
		"id": 5014,
		"color": 0,
		"conflict_degree":6,
		"stitch_degree":1,
		"conflict": [
			{"id": 4984},
			{"id": 4985},
			{"id": 4986},
			{"id": 4987},
			{"id": 5011},
			{"id": 5012}
		],
		"stitch": [
			{"id": 5013}
		]
	},
	{
		"id": 5060,
		"color": 2,
		"conflict_degree":2,
		"stitch_degree":1,
		"conflict": [
			{"id": 5059},
			{"id": 5082}
		],
		"stitch": [
			{"id": 5061}
		]
	},
	{
		"id": 5061,
		"color": 2,
		"conflict_degree":2,
		"stitch_degree":2,
		"conflict": [
			{"id": 5059},
			{"id": 5082}
		],
		"stitch": [
			{"id": 5060},
			{"id": 5062}
		]
	},
	{
		"id": 5062,
		"color": 2,
		"conflict_degree":1,
		"stitch_degree":2,
		"conflict": [
			{"id": 5082}
		],
		"stitch": [
			{"id": 5061},
			{"id": 5063}
		]
	},
	{
		"id": 5063,
		"color": 2,
		"conflict_degree":2,
		"stitch_degree":2,
		"conflict": [
			{"id": 5077},
			{"id": 5082}
		],
		"stitch": [
			{"id": 5062},
			{"id": 5064}
		]
	},
	{
		"id": 5064,
		"color": 2,
		"conflict_degree":4,
		"stitch_degree":2,
		"conflict": [
			{"id": 5070},
			{"id": 5077},
			{"id": 5078},
			{"id": 5081}
		],
		"stitch": [
			{"id": 5063},
			{"id": 5065}
		]
	},
	{
		"id": 5065,
		"color": 0,
		"conflict_degree":4,
		"stitch_degree":1,
		"conflict": [
			{"id": 5067},
			{"id": 5068},
			{"id": 5080},
			{"id": 5081}
		],
		"stitch": [
			{"id": 5064}
		]
	},
	{
		"id": 5066,
		"color": 2,
		"conflict_degree":3,
		"stitch_degree":1,
		"conflict": [
			{"id": 5077},
			{"id": 5078},
			{"id": 5079}
		],
		"stitch": [
			{"id": 5067}
		]
	},
	{
		"id": 5067,
		"color": 2,
		"conflict_degree":5,
		"stitch_degree":2,
		"conflict": [
			{"id": 5065},
			{"id": 5077},
			{"id": 5078},
			{"id": 5079},
			{"id": 5080}
		],
		"stitch": [
			{"id": 5066},
			{"id": 5068}
		]
	},
	{
		"id": 5068,
		"color": 2,
		"conflict_degree":3,
		"stitch_degree":2,
		"conflict": [
			{"id": 5065},
			{"id": 5072},
			{"id": 5080}
		],
		"stitch": [
			{"id": 5067},
			{"id": 5069}
		]
	},
	{
		"id": 5069,
		"color": 2,
		"conflict_degree":2,
		"stitch_degree":1,
		"conflict": [
			{"id": 5072},
			{"id": 5080}
		],
		"stitch": [
			{"id": 5068}
		]
	},
	{
		"id": 5070,
		"color": 0,
		"conflict_degree":5,
		"stitch_degree":1,
		"conflict": [
			{"id": 5064},
			{"id": 5075},
			{"id": 5077},
			{"id": 5078},
			{"id": 5079}
		],
		"stitch": [
			{"id": 5071}
		]
	},
	{
		"id": 5071,
		"color": 0,
		"conflict_degree":4,
		"stitch_degree":2,
		"conflict": [
			{"id": 5075},
			{"id": 5077},
			{"id": 5078},
			{"id": 5079}
		],
		"stitch": [
			{"id": 5070},
			{"id": 5072}
		]
	},
	{
		"id": 5072,
		"color": 0,
		"conflict_degree":6,
		"stitch_degree":1,
		"conflict": [
			{"id": 5068},
			{"id": 5069},
			{"id": 5073},
			{"id": 5074},
			{"id": 5076},
			{"id": 5079}
		],
		"stitch": [
			{"id": 5071}
		]
	},
	{
		"id": 5077,
		"color": 1,
		"conflict_degree":6,
		"stitch_degree":1,
		"conflict": [
			{"id": 5063},
			{"id": 5064},
			{"id": 5066},
			{"id": 5067},
			{"id": 5070},
			{"id": 5071}
		],
		"stitch": [
			{"id": 5078}
		]
	},
	{
		"id": 5078,
		"color": 1,
		"conflict_degree":5,
		"stitch_degree":2,
		"conflict": [
			{"id": 5064},
			{"id": 5066},
			{"id": 5067},
			{"id": 5070},
			{"id": 5071}
		],
		"stitch": [
			{"id": 5077},
			{"id": 5079}
		]
	},
	{
		"id": 5079,
		"color": 1,
		"conflict_degree":5,
		"stitch_degree":1,
		"conflict": [
			{"id": 5066},
			{"id": 5067},
			{"id": 5070},
			{"id": 5071},
			{"id": 5072}
		],
		"stitch": [
			{"id": 5078}
		]
	},
	{
		"id": 5302,
		"color": 0,
		"conflict_degree":1,
		"stitch_degree":1,
		"conflict": [
			{"id": 5300}
		],
		"stitch": [
			{"id": 5303}
		]
	},
	{
		"id": 5303,
		"color": 0,
		"conflict_degree":7,
		"stitch_degree":3,
		"conflict": [
			{"id": 5301},
			{"id": 5316},
			{"id": 5318},
			{"id": 5319},
			{"id": 5322},
			{"id": 5323},
			{"id": 5324}
		],
		"stitch": [
			{"id": 5302},
			{"id": 5304},
			{"id": 5306}
		]
	},
	{
		"id": 5304,
		"color": 0,
		"conflict_degree":5,
		"stitch_degree":2,
		"conflict": [
			{"id": 5301},
			{"id": 5318},
			{"id": 5319},
			{"id": 5321},
			{"id": 5323}
		],
		"stitch": [
			{"id": 5303},
			{"id": 5305}
		]
	},
	{
		"id": 5305,
		"color": 0,
		"conflict_degree":2,
		"stitch_degree":1,
		"conflict": [
			{"id": 5321},
			{"id": 5323}
		],
		"stitch": [
			{"id": 5304}
		]
	},
	{
		"id": 5306,
		"color": 0,
		"conflict_degree":3,
		"stitch_degree":1,
		"conflict": [
			{"id": 5307},
			{"id": 5308},
			{"id": 5324}
		],
		"stitch": [
			{"id": 5303}
		]
	},
	{
		"id": 5307,
		"color": 2,
		"conflict_degree":3,
		"stitch_degree":1,
		"conflict": [
			{"id": 5306},
			{"id": 5316},
			{"id": 5317}
		],
		"stitch": [
			{"id": 5308}
		]
	},
	{
		"id": 5308,
		"color": 2,
		"conflict_degree":3,
		"stitch_degree":2,
		"conflict": [
			{"id": 5306},
			{"id": 5316},
			{"id": 5317}
		],
		"stitch": [
			{"id": 5307},
			{"id": 5309}
		]
	},
	{
		"id": 5309,
		"color": 2,
		"conflict_degree":5,
		"stitch_degree":1,
		"conflict": [
			{"id": 5310},
			{"id": 5311},
			{"id": 5313},
			{"id": 5315},
			{"id": 5320}
		],
		"stitch": [
			{"id": 5308}
		]
	},
	{
		"id": 5316,
		"color": 1,
		"conflict_degree":6,
		"stitch_degree":1,
		"conflict": [
			{"id": 5303},
			{"id": 5307},
			{"id": 5308},
			{"id": 5318},
			{"id": 5319},
			{"id": 5320}
		],
		"stitch": [
			{"id": 5317}
		]
	},
	{
		"id": 5317,
		"color": 1,
		"conflict_degree":4,
		"stitch_degree":1,
		"conflict": [
			{"id": 5307},
			{"id": 5308},
			{"id": 5319},
			{"id": 5320}
		],
		"stitch": [
			{"id": 5316}
		]
	},
	{
		"id": 5318,
		"color": 2,
		"conflict_degree":3,
		"stitch_degree":1,
		"conflict": [
			{"id": 5303},
			{"id": 5304},
			{"id": 5316}
		],
		"stitch": [
			{"id": 5319}
		]
	},
	{
		"id": 5319,
		"color": 2,
		"conflict_degree":4,
		"stitch_degree":2,
		"conflict": [
			{"id": 5303},
			{"id": 5304},
			{"id": 5316},
			{"id": 5317}
		],
		"stitch": [
			{"id": 5318},
			{"id": 5320}
		]
	},
	{
		"id": 5320,
		"color": 0,
		"conflict_degree":3,
		"stitch_degree":1,
		"conflict": [
			{"id": 5309},
			{"id": 5316},
			{"id": 5317}
		],
		"stitch": [
			{"id": 5319}
		]
	},
	{
		"id": 6679,
		"color": 0,
		"conflict_degree":2,
		"stitch_degree":1,
		"conflict": [
			{"id": 6678},
			{"id": 6703}
		],
		"stitch": [
			{"id": 6680}
		]
	},
	{
		"id": 6680,
		"color": 0,
		"conflict_degree":4,
		"stitch_degree":2,
		"conflict": [
			{"id": 6678},
			{"id": 6703},
			{"id": 6704},
			{"id": 6705}
		],
		"stitch": [
			{"id": 6679},
			{"id": 6681}
		]
	},
	{
		"id": 6681,
		"color": 0,
		"conflict_degree":4,
		"stitch_degree":1,
		"conflict": [
			{"id": 6684},
			{"id": 6703},
			{"id": 6704},
			{"id": 6705}
		],
		"stitch": [
			{"id": 6680}
		]
	},
	{
		"id": 6682,
		"color": 0,
		"conflict_degree":2,
		"stitch_degree":1,
		"conflict": [
			{"id": 6704},
			{"id": 6705}
		],
		"stitch": [
			{"id": 6683}
		]
	},
	{
		"id": 6683,
		"color": 2,
		"conflict_degree":3,
		"stitch_degree":2,
		"conflict": [
			{"id": 6685},
			{"id": 6686},
			{"id": 6705}
		],
		"stitch": [
			{"id": 6682},
			{"id": 6684}
		]
	},
	{
		"id": 6684,
		"color": 2,
		"conflict_degree":5,
		"stitch_degree":1,
		"conflict": [
			{"id": 6681},
			{"id": 6685},
			{"id": 6702},
			{"id": 6705},
			{"id": 6706}
		],
		"stitch": [
			{"id": 6683}
		]
	},
	{
		"id": 6703,
		"color": 2,
		"conflict_degree":3,
		"stitch_degree":1,
		"conflict": [
			{"id": 6679},
			{"id": 6680},
			{"id": 6681}
		],
		"stitch": [
			{"id": 6704}
		]
	},
	{
		"id": 6704,
		"color": 2,
		"conflict_degree":4,
		"stitch_degree":1,
		"conflict": [
			{"id": 6680},
			{"id": 6681},
			{"id": 6682},
			{"id": 6705}
		],
		"stitch": [
			{"id": 6703}
		]
	},
	{
		"id": 6705,
		"color": 1,
		"conflict_degree":6,
		"stitch_degree":0,
		"conflict": [
			{"id": 6680},
			{"id": 6681},
			{"id": 6682},
			{"id": 6683},
			{"id": 6684},
			{"id": 6704}
		],
		"stitch": []
	},
	{
		"id": 7370,
		"color": 0,
		"conflict_degree":1,
		"stitch_degree":1,
		"conflict": [
			{"id": 7369}
		],
		"stitch": [
			{"id": 7371}
		]
	},
	{
		"id": 7371,
		"color": 0,
		"conflict_degree":3,
		"stitch_degree":2,
		"conflict": [
			{"id": 7369},
			{"id": 7374},
			{"id": 7375}
		],
		"stitch": [
			{"id": 7370},
			{"id": 7372}
		]
	},
	{
		"id": 7372,
		"color": 0,
		"conflict_degree":4,
		"stitch_degree":1,
		"conflict": [
			{"id": 7373},
			{"id": 7374},
			{"id": 7375},
			{"id": 7378}
		],
		"stitch": [
			{"id": 7371}
		]
	},
	{
		"id": 7373,
		"color": 1,
		"conflict_degree":6,
		"stitch_degree":0,
		"conflict": [
			{"id": 7372},
			{"id": 7375},
			{"id": 7376},
			{"id": 7378},
			{"id": 7379},
			{"id": 7380}
		],
		"stitch": []
	},
	{
		"id": 7374,
		"color": 2,
		"conflict_degree":2,
		"stitch_degree":1,
		"conflict": [
			{"id": 7371},
			{"id": 7372}
		],
		"stitch": [
			{"id": 7375}
		]
	},
	{
		"id": 7375,
		"color": 2,
		"conflict_degree":5,
		"stitch_degree":2,
		"conflict": [
			{"id": 7371},
			{"id": 7372},
			{"id": 7373},
			{"id": 7377},
			{"id": 7380}
		],
		"stitch": [
			{"id": 7374},
			{"id": 7376}
		]
	},
	{
		"id": 7376,
		"color": 2,
		"conflict_degree":3,
		"stitch_degree":1,
		"conflict": [
			{"id": 7373},
			{"id": 7377},
			{"id": 7380}
		],
		"stitch": [
			{"id": 7375}
		]
	},
	{
		"id": 7378,
		"color": 2,
		"conflict_degree":2,
		"stitch_degree":1,
		"conflict": [
			{"id": 7372},
			{"id": 7373}
		],
		"stitch": [
			{"id": 7379}
		]
	},
	{
		"id": 7379,
		"color": 2,
		"conflict_degree":3,
		"stitch_degree":2,
		"conflict": [
			{"id": 7373},
			{"id": 7382},
			{"id": 7383}
		],
		"stitch": [
			{"id": 7378},
			{"id": 7380}
		]
	},
	{
		"id": 7380,
		"color": 0,
		"conflict_degree":6,
		"stitch_degree":1,
		"conflict": [
			{"id": 7373},
			{"id": 7375},
			{"id": 7376},
			{"id": 7377},
			{"id": 7381},
			{"id": 7383}
		],
		"stitch": [
			{"id": 7379}
		]
	},
	{
		"id": 7412,
		"color": 2,
		"conflict_degree":5,
		"stitch_degree":1,
		"conflict": [
			{"id": 7411},
			{"id": 7414},
			{"id": 7415},
			{"id": 7447},
			{"id": 7448}
		],
		"stitch": [
			{"id": 7413}
		]
	},
	{
		"id": 7413,
		"color": 2,
		"conflict_degree":4,
		"stitch_degree":1,
		"conflict": [
			{"id": 7443},
			{"id": 7444},
			{"id": 7446},
			{"id": 7448}
		],
		"stitch": [
			{"id": 7412}
		]
	},
	{
		"id": 7414,
		"color": 0,
		"conflict_degree":3,
		"stitch_degree":1,
		"conflict": [
			{"id": 7412},
			{"id": 7444},
			{"id": 7445}
		],
		"stitch": [
			{"id": 7415}
		]
	},
	{
		"id": 7415,
		"color": 0,
		"conflict_degree":3,
		"stitch_degree":2,
		"conflict": [
			{"id": 7412},
			{"id": 7444},
			{"id": 7445}
		],
		"stitch": [
			{"id": 7414},
			{"id": 7416}
		]
	},
	{
		"id": 7416,
		"color": 0,
		"conflict_degree":3,
		"stitch_degree":1,
		"conflict": [
			{"id": 7419},
			{"id": 7444},
			{"id": 7445}
		],
		"stitch": [
			{"id": 7415}
		]
	},
	{
		"id": 7417,
		"color": 2,
		"conflict_degree":3,
		"stitch_degree":1,
		"conflict": [
			{"id": 7441},
			{"id": 7443},
			{"id": 7446}
		],
		"stitch": [
			{"id": 7418}
		]
	},
	{
		"id": 7418,
		"color": 2,
		"conflict_degree":5,
		"stitch_degree":2,
		"conflict": [
			{"id": 7422},
			{"id": 7441},
			{"id": 7443},
			{"id": 7444},
			{"id": 7446}
		],
		"stitch": [
			{"id": 7417},
			{"id": 7419}
		]
	},
	{
		"id": 7419,
		"color": 2,
		"conflict_degree":4,
		"stitch_degree":2,
		"conflict": [
			{"id": 7416},
			{"id": 7422},
			{"id": 7441},
			{"id": 7442}
		],
		"stitch": [
			{"id": 7418},
			{"id": 7420}
		]
	},
	{
		"id": 7420,
		"color": 2,
		"conflict_degree":2,
		"stitch_degree":1,
		"conflict": [
			{"id": 7421},
			{"id": 7442}
		],
		"stitch": [
			{"id": 7419}
		]
	},
	{
		"id": 7443,
		"color": 1,
		"conflict_degree":4,
		"stitch_degree":1,
		"conflict": [
			{"id": 7413},
			{"id": 7417},
			{"id": 7418},
			{"id": 7446}
		],
		"stitch": [
			{"id": 7444}
		]
	},
	{
		"id": 7444,
		"color": 1,
		"conflict_degree":5,
		"stitch_degree":2,
		"conflict": [
			{"id": 7413},
			{"id": 7414},
			{"id": 7415},
			{"id": 7416},
			{"id": 7418}
		],
		"stitch": [
			{"id": 7443},
			{"id": 7445}
		]
	},
	{
		"id": 7445,
		"color": 1,
		"conflict_degree":3,
		"stitch_degree":1,
		"conflict": [
			{"id": 7414},
			{"id": 7415},
			{"id": 7416}
		],
		"stitch": [
			{"id": 7444}
		]
	},
	{
		"id": 7446,
		"color": 0,
		"conflict_degree":4,
		"stitch_degree":0,
		"conflict": [
			{"id": 7413},
			{"id": 7417},
			{"id": 7418},
			{"id": 7443}
		],
		"stitch": []
	},
	{
		"id": 7676,
		"color": 2,
		"conflict_degree":1,
		"stitch_degree":1,
		"conflict": [
			{"id": 7675}
		],
		"stitch": [
			{"id": 7677}
		]
	},
	{
		"id": 7677,
		"color": 2,
		"conflict_degree":5,
		"stitch_degree":3,
		"conflict": [
			{"id": 7707},
			{"id": 7708},
			{"id": 7709},
			{"id": 7712},
			{"id": 7714}
		],
		"stitch": [
			{"id": 7676},
			{"id": 7678},
			{"id": 7679}
		]
	},
	{
		"id": 7678,
		"color": 0,
		"conflict_degree":2,
		"stitch_degree":1,
		"conflict": [
			{"id": 7683},
			{"id": 7684}
		],
		"stitch": [
			{"id": 7677}
		]
	},
	{
		"id": 7679,
		"color": 2,
		"conflict_degree":6,
		"stitch_degree":4,
		"conflict": [
			{"id": 7707},
			{"id": 7708},
			{"id": 7711},
			{"id": 7712},
			{"id": 7714},
			{"id": 7715}
		],
		"stitch": [
			{"id": 7677},
			{"id": 7680},
			{"id": 7681},
			{"id": 7682}
		]
	},
	{
		"id": 7680,
		"color": 2,
		"conflict_degree":1,
		"stitch_degree":1,
		"conflict": [
			{"id": 7711}
		],
		"stitch": [
			{"id": 7679}
		]
	},
	{
		"id": 7681,
		"color": 2,
		"conflict_degree":2,
		"stitch_degree":1,
		"conflict": [
			{"id": 7711},
			{"id": 7714}
		],
		"stitch": [
			{"id": 7679}
		]
	},
	{
		"id": 7682,
		"color": 2,
		"conflict_degree":2,
		"stitch_degree":1,
		"conflict": [
			{"id": 7714},
			{"id": 7715}
		],
		"stitch": [
			{"id": 7679}
		]
	},
	{
		"id": 7683,
		"color": 2,
		"conflict_degree":3,
		"stitch_degree":1,
		"conflict": [
			{"id": 7678},
			{"id": 7709},
			{"id": 7710}
		],
		"stitch": [
			{"id": 7684}
		]
	},
	{
		"id": 7684,
		"color": 2,
		"conflict_degree":3,
		"stitch_degree":2,
		"conflict": [
			{"id": 7678},
			{"id": 7709},
			{"id": 7710}
		],
		"stitch": [
			{"id": 7683},
			{"id": 7685}
		]
	},
	{
		"id": 7685,
		"color": 2,
		"conflict_degree":5,
		"stitch_degree":1,
		"conflict": [
			{"id": 7686},
			{"id": 7704},
			{"id": 7705},
			{"id": 7706},
			{"id": 7708}
		],
		"stitch": [
			{"id": 7684}
		]
	},
	{
		"id": 7707,
		"color": 0,
		"conflict_degree":3,
		"stitch_degree":1,
		"conflict": [
			{"id": 7677},
			{"id": 7679},
			{"id": 7709}
		],
		"stitch": [
			{"id": 7708}
		]
	},
	{
		"id": 7708,
		"color": 0,
		"conflict_degree":5,
		"stitch_degree":1,
		"conflict": [
			{"id": 7677},
			{"id": 7679},
			{"id": 7685},
			{"id": 7709},
			{"id": 7710}
		],
		"stitch": [
			{"id": 7707}
		]
	},
	{
		"id": 7709,
		"color": 1,
		"conflict_degree":5,
		"stitch_degree":1,
		"conflict": [
			{"id": 7677},
			{"id": 7683},
			{"id": 7684},
			{"id": 7707},
			{"id": 7708}
		],
		"stitch": [
			{"id": 7710}
		]
	},
	{
		"id": 7710,
		"color": 1,
		"conflict_degree":3,
		"stitch_degree":1,
		"conflict": [
			{"id": 7683},
			{"id": 7684},
			{"id": 7708}
		],
		"stitch": [
			{"id": 7709}
		]
	},
	{
		"id": 8324,
		"color": 2,
		"conflict_degree":1,
		"stitch_degree":1,
		"conflict": [
			{"id": 8322}
		],
		"stitch": [
			{"id": 8325}
		]
	},
	{
		"id": 8325,
		"color": 2,
		"conflict_degree":7,
		"stitch_degree":3,
		"conflict": [
			{"id": 8323},
			{"id": 8333},
			{"id": 8334},
			{"id": 8343},
			{"id": 8344},
			{"id": 8345},
			{"id": 8346}
		],
		"stitch": [
			{"id": 8324},
			{"id": 8326},
			{"id": 8328}
		]
	},
	{
		"id": 8326,
		"color": 2,
		"conflict_degree":3,
		"stitch_degree":2,
		"conflict": [
			{"id": 8323},
			{"id": 8331},
			{"id": 8332}
		],
		"stitch": [
			{"id": 8325},
			{"id": 8327}
		]
	},
	{
		"id": 8327,
		"color": 2,
		"conflict_degree":2,
		"stitch_degree":1,
		"conflict": [
			{"id": 8331},
			{"id": 8332}
		],
		"stitch": [
			{"id": 8326}
		]
	},
	{
		"id": 8328,
		"color": 2,
		"conflict_degree":5,
		"stitch_degree":2,
		"conflict": [
			{"id": 8330},
			{"id": 8333},
			{"id": 8334},
			{"id": 8344},
			{"id": 8346}
		],
		"stitch": [
			{"id": 8325},
			{"id": 8329}
		]
	},
	{
		"id": 8329,
		"color": 2,
		"conflict_degree":2,
		"stitch_degree":1,
		"conflict": [
			{"id": 8330},
			{"id": 8344}
		],
		"stitch": [
			{"id": 8328}
		]
	},
	{
		"id": 8331,
		"color": 1,
		"conflict_degree":3,
		"stitch_degree":1,
		"conflict": [
			{"id": 8326},
			{"id": 8327},
			{"id": 8343}
		],
		"stitch": [
			{"id": 8332}
		]
	},
	{
		"id": 8332,
		"color": 1,
		"conflict_degree":4,
		"stitch_degree":1,
		"conflict": [
			{"id": 8326},
			{"id": 8327},
			{"id": 8335},
			{"id": 8343}
		],
		"stitch": [
			{"id": 8331}
		]
	},
	{
		"id": 8333,
		"color": 1,
		"conflict_degree":3,
		"stitch_degree":1,
		"conflict": [
			{"id": 8325},
			{"id": 8328},
			{"id": 8343}
		],
		"stitch": [
			{"id": 8334}
		]
	},
	{
		"id": 8334,
		"color": 1,
		"conflict_degree":4,
		"stitch_degree":2,
		"conflict": [
			{"id": 8325},
			{"id": 8328},
			{"id": 8336},
			{"id": 8343}
		],
		"stitch": [
			{"id": 8333},
			{"id": 8335}
		]
	},
	{
		"id": 8335,
		"color": 0,
		"conflict_degree":4,
		"stitch_degree":1,
		"conflict": [
			{"id": 8332},
			{"id": 8336},
			{"id": 8340},
			{"id": 8342}
		],
		"stitch": [
			{"id": 8334}
		]
	},
	{
		"id": 8343,
		"color": 0,
		"conflict_degree":5,
		"stitch_degree":0,
		"conflict": [
			{"id": 8325},
			{"id": 8331},
			{"id": 8332},
			{"id": 8333},
			{"id": 8334}
		],
		"stitch": []
	},
	{
		"id": 9285,
		"color": 2,
		"conflict_degree":3,
		"stitch_degree":1,
		"conflict": [
			{"id": 9284},
			{"id": 9353},
			{"id": 9354}
		],
		"stitch": [
			{"id": 9286}
		]
	},
	{
		"id": 9286,
		"color": 2,
		"conflict_degree":6,
		"stitch_degree":2,
		"conflict": [
			{"id": 9284},
			{"id": 9288},
			{"id": 9290},
			{"id": 9291},
			{"id": 9353},
			{"id": 9354}
		],
		"stitch": [
			{"id": 9285},
			{"id": 9287}
		]
	},
	{
		"id": 9287,
		"color": 2,
		"conflict_degree":4,
		"stitch_degree":1,
		"conflict": [
			{"id": 9288},
			{"id": 9290},
			{"id": 9291},
			{"id": 9354}
		],
		"stitch": [
			{"id": 9286}
		]
	},
	{
		"id": 9288,
		"color": 1,
		"conflict_degree":7,
		"stitch_degree":1,
		"conflict": [
			{"id": 9286},
			{"id": 9287},
			{"id": 9290},
			{"id": 9291},
			{"id": 9292},
			{"id": 9354},
			{"id": 9355}
		],
		"stitch": [
			{"id": 9289}
		]
	},
	{
		"id": 9289,
		"color": 1,
		"conflict_degree":4,
		"stitch_degree":1,
		"conflict": [
			{"id": 9291},
			{"id": 9292},
			{"id": 9354},
			{"id": 9355}
		],
		"stitch": [
			{"id": 9288}
		]
	},
	{
		"id": 9290,
		"color": 0,
		"conflict_degree":4,
		"stitch_degree":1,
		"conflict": [
			{"id": 9283},
			{"id": 9286},
			{"id": 9287},
			{"id": 9288}
		],
		"stitch": [
			{"id": 9291}
		]
	},
	{
		"id": 9291,
		"color": 0,
		"conflict_degree":5,
		"stitch_degree":2,
		"conflict": [
			{"id": 9286},
			{"id": 9287},
			{"id": 9288},
			{"id": 9289},
			{"id": 9293}
		],
		"stitch": [
			{"id": 9290},
			{"id": 9292}
		]
	},
	{
		"id": 9292,
		"color": 0,
		"conflict_degree":4,
		"stitch_degree":1,
		"conflict": [
			{"id": 9288},
			{"id": 9289},
			{"id": 9293},
			{"id": 9297}
		],
		"stitch": [
			{"id": 9291}
		]
	},
	{
		"id": 9294,
		"color": 1,
		"conflict_degree":3,
		"stitch_degree":2,
		"conflict": [
			{"id": 9350},
			{"id": 9352},
			{"id": 9355}
		],
		"stitch": [
			{"id": 9295},
			{"id": 9296}
		]
	},
	{
		"id": 9295,
		"color": 1,
		"conflict_degree":1,
		"stitch_degree":1,
		"conflict": [
			{"id": 9299}
		],
		"stitch": [
			{"id": 9294}
		]
	},
	{
		"id": 9296,
		"color": 1,
		"conflict_degree":3,
		"stitch_degree":3,
		"conflict": [
			{"id": 9293},
			{"id": 9348},
			{"id": 9352}
		],
		"stitch": [
			{"id": 9294},
			{"id": 9297},
			{"id": 9298}
		]
	},
	{
		"id": 9297,
		"color": 1,
		"conflict_degree":3,
		"stitch_degree":1,
		"conflict": [
			{"id": 9292},
			{"id": 9293},
			{"id": 9352}
		],
		"stitch": [
			{"id": 9296}
		]
	},
	{
		"id": 9298,
		"color": 1,
		"conflict_degree":2,
		"stitch_degree":1,
		"conflict": [
			{"id": 9348},
			{"id": 9352}
		],
		"stitch": [
			{"id": 9296}
		]
	},
	{
		"id": 9299,
		"color": 0,
		"conflict_degree":5,
		"stitch_degree":1,
		"conflict": [
			{"id": 9295},
			{"id": 9341},
			{"id": 9348},
			{"id": 9349},
			{"id": 9351}
		],
		"stitch": [
			{"id": 9300}
		]
	},
	{
		"id": 9300,
		"color": 1,
		"conflict_degree":3,
		"stitch_degree":2,
		"conflict": [
			{"id": 9346},
			{"id": 9347},
			{"id": 9351}
		],
		"stitch": [
			{"id": 9299},
			{"id": 9301}
		]
	},
	{
		"id": 9301,
		"color": 1,
		"conflict_degree":3,
		"stitch_degree":1,
		"conflict": [
			{"id": 9302},
			{"id": 9346},
			{"id": 9347}
		],
		"stitch": [
			{"id": 9300}
		]
	},
	{
		"id": 9302,
		"color": 0,
		"conflict_degree":2,
		"stitch_degree":1,
		"conflict": [
			{"id": 9301},
			{"id": 9347}
		],
		"stitch": [
			{"id": 9303}
		]
	},
	{
		"id": 9303,
		"color": 0,
		"conflict_degree":5,
		"stitch_degree":2,
		"conflict": [
			{"id": 9309},
			{"id": 9311},
			{"id": 9340},
			{"id": 9343},
			{"id": 9344}
		],
		"stitch": [
			{"id": 9302},
			{"id": 9304}
		]
	},
	{
		"id": 9304,
		"color": 0,
		"conflict_degree":4,
		"stitch_degree":4,
		"conflict": [
			{"id": 9308},
			{"id": 9309},
			{"id": 9310},
			{"id": 9312}
		],
		"stitch": [
			{"id": 9303},
			{"id": 9305},
			{"id": 9306},
			{"id": 9307}
		]
	},
	{
		"id": 9305,
		"color": 0,
		"conflict_degree":3,
		"stitch_degree":1,
		"conflict": [
			{"id": 9308},
			{"id": 9311},
			{"id": 9312}
		],
		"stitch": [
			{"id": 9304}
		]
	},
	{
		"id": 9306,
		"color": 0,
		"conflict_degree":2,
		"stitch_degree":1,
		"conflict": [
			{"id": 9308},
			{"id": 9309}
		],
		"stitch": [
			{"id": 9304}
		]
	},
	{
		"id": 9307,
		"color": 0,
		"conflict_degree":2,
		"stitch_degree":1,
		"conflict": [
			{"id": 9309},
			{"id": 9310}
		],
		"stitch": [
			{"id": 9304}
		]
	},
	{
		"id": 9341,
		"color": 1,
		"conflict_degree":2,
		"stitch_degree":1,
		"conflict": [
			{"id": 9299},
			{"id": 9346}
		],
		"stitch": [
			{"id": 9342}
		]
	},
	{
		"id": 9342,
		"color": 1,
		"conflict_degree":3,
		"stitch_degree":2,
		"conflict": [
			{"id": 9345},
			{"id": 9346},
			{"id": 9347}
		],
		"stitch": [
			{"id": 9341},
			{"id": 9343}
		]
	},
	{
		"id": 9343,
		"color": 1,
		"conflict_degree":3,
		"stitch_degree":2,
		"conflict": [
			{"id": 9303},
			{"id": 9345},
			{"id": 9347}
		],
		"stitch": [
			{"id": 9342},
			{"id": 9344}
		]
	},
	{
		"id": 9344,
		"color": 1,
		"conflict_degree":2,
		"stitch_degree":1,
		"conflict": [
			{"id": 9303},
			{"id": 9345}
		],
		"stitch": [
			{"id": 9343}
		]
	},
	{
		"id": 9346,
		"color": 2,
		"conflict_degree":4,
		"stitch_degree":1,
		"conflict": [
			{"id": 9300},
			{"id": 9301},
			{"id": 9341},
			{"id": 9342}
		],
		"stitch": [
			{"id": 9347}
		]
	},
	{
		"id": 9347,
		"color": 2,
		"conflict_degree":5,
		"stitch_degree":1,
		"conflict": [
			{"id": 9300},
			{"id": 9301},
			{"id": 9302},
			{"id": 9342},
			{"id": 9343}
		],
		"stitch": [
			{"id": 9346}
		]
	},
	{
		"id": 9353,
		"color": 0,
		"conflict_degree":4,
		"stitch_degree":1,
		"conflict": [
			{"id": 9283},
			{"id": 9285},
			{"id": 9286},
			{"id": 9356}
		],
		"stitch": [
			{"id": 9354}
		]
	},
	{
		"id": 9354,
		"color": 0,
		"conflict_degree":5,
		"stitch_degree":2,
		"conflict": [
			{"id": 9285},
			{"id": 9286},
			{"id": 9287},
			{"id": 9288},
			{"id": 9289}
		],
		"stitch": [
			{"id": 9353},
			{"id": 9355}
		]
	},
	{
		"id": 9355,
		"color": 0,
		"conflict_degree":3,
		"stitch_degree":1,
		"conflict": [
			{"id": 9288},
			{"id": 9289},
			{"id": 9294}
		],
		"stitch": [
			{"id": 9354}
		]
	},
	{
		"id": 9581,
		"color": 0,
		"conflict_degree":1,
		"stitch_degree":1,
		"conflict": [
			{"id": 9580}
		],
		"stitch": [
			{"id": 9582}
		]
	},
	{
		"id": 9582,
		"color": 0,
		"conflict_degree":1,
		"stitch_degree":2,
		"conflict": [
			{"id": 9600}
		],
		"stitch": [
			{"id": 9581},
			{"id": 9583}
		]
	},
	{
		"id": 9583,
		"color": 0,
		"conflict_degree":5,
		"stitch_degree":2,
		"conflict": [
			{"id": 9585},
			{"id": 9588},
			{"id": 9590},
			{"id": 9600},
			{"id": 9601}
		],
		"stitch": [
			{"id": 9582},
			{"id": 9584}
		]
	},
	{
		"id": 9584,
		"color": 0,
		"conflict_degree":4,
		"stitch_degree":1,
		"conflict": [
			{"id": 9588},
			{"id": 9590},
			{"id": 9591},
			{"id": 9601}
		],
		"stitch": [
			{"id": 9583}
		]
	},
	{
		"id": 9585,
		"color": 2,
		"conflict_degree":2,
		"stitch_degree":1,
		"conflict": [
			{"id": 9583},
			{"id": 9587}
		],
		"stitch": [
			{"id": 9586}
		]
	},
	{
		"id": 9586,
		"color": 2,
		"conflict_degree":2,
		"stitch_degree":1,
		"conflict": [
			{"id": 9587},
			{"id": 9594}
		],
		"stitch": [
			{"id": 9585}
		]
	},
	{
		"id": 9587,
		"color": 0,
		"conflict_degree":5,
		"stitch_degree":0,
		"conflict": [
			{"id": 9585},
			{"id": 9586},
			{"id": 9588},
			{"id": 9589},
			{"id": 9594}
		],
		"stitch": []
	},
	{
		"id": 9588,
		"color": 2,
		"conflict_degree":4,
		"stitch_degree":1,
		"conflict": [
			{"id": 9583},
			{"id": 9584},
			{"id": 9587},
			{"id": 9590}
		],
		"stitch": [
			{"id": 9589}
		]
	},
	{
		"id": 9589,
		"color": 2,
		"conflict_degree":3,
		"stitch_degree":1,
		"conflict": [
			{"id": 9587},
			{"id": 9590},
			{"id": 9594}
		],
		"stitch": [
			{"id": 9588}
		]
	},
	{
		"id": 9590,
		"color": 1,
		"conflict_degree":5,
		"stitch_degree":1,
		"conflict": [
			{"id": 9583},
			{"id": 9584},
			{"id": 9588},
			{"id": 9589},
			{"id": 9599}
		],
		"stitch": [
			{"id": 9591}
		]
	},
	{
		"id": 9591,
		"color": 1,
		"conflict_degree":4,
		"stitch_degree":4,
		"conflict": [
			{"id": 9584},
			{"id": 9595},
			{"id": 9598},
			{"id": 9599}
		],
		"stitch": [
			{"id": 9590},
			{"id": 9592},
			{"id": 9593},
			{"id": 9594}
		]
	},
	{
		"id": 9592,
		"color": 1,
		"conflict_degree":2,
		"stitch_degree":1,
		"conflict": [
			{"id": 9595},
			{"id": 9598}
		],
		"stitch": [
			{"id": 9591}
		]
	},
	{
		"id": 9593,
		"color": 1,
		"conflict_degree":2,
		"stitch_degree":1,
		"conflict": [
			{"id": 9598},
			{"id": 9599}
		],
		"stitch": [
			{"id": 9591}
		]
	},
	{
		"id": 9594,
		"color": 1,
		"conflict_degree":5,
		"stitch_degree":1,
		"conflict": [
			{"id": 9586},
			{"id": 9587},
			{"id": 9589},
			{"id": 9596},
			{"id": 9598}
		],
		"stitch": [
			{"id": 9591}
		]
	},
	{
		"id": 9878,
		"color": 1,
		"conflict_degree":1,
		"stitch_degree":1,
		"conflict": [
			{"id": 9877}
		],
		"stitch": [
			{"id": 9879}
		]
	},
	{
		"id": 9879,
		"color": 1,
		"conflict_degree":4,
		"stitch_degree":3,
		"conflict": [
			{"id": 9910},
			{"id": 9912},
			{"id": 9915},
			{"id": 9916}
		],
		"stitch": [
			{"id": 9878},
			{"id": 9880},
			{"id": 9881}
		]
	},
	{
		"id": 9880,
		"color": 1,
		"conflict_degree":2,
		"stitch_degree":1,
		"conflict": [
			{"id": 9885},
			{"id": 9886}
		],
		"stitch": [
			{"id": 9879}
		]
	},
	{
		"id": 9881,
		"color": 0,
		"conflict_degree":7,
		"stitch_degree":4,
		"conflict": [
			{"id": 9887},
			{"id": 9888},
			{"id": 9912},
			{"id": 9913},
			{"id": 9914},
			{"id": 9915},
			{"id": 9916}
		],
		"stitch": [
			{"id": 9879},
			{"id": 9882},
			{"id": 9883},
			{"id": 9884}
		]
	},
	{
		"id": 9882,
		"color": 0,
		"conflict_degree":3,
		"stitch_degree":1,
		"conflict": [
			{"id": 9887},
			{"id": 9888},
			{"id": 9913}
		],
		"stitch": [
			{"id": 9881}
		]
	},
	{
		"id": 9883,
		"color": 0,
		"conflict_degree":2,
		"stitch_degree":1,
		"conflict": [
			{"id": 9913},
			{"id": 9915}
		],
		"stitch": [
			{"id": 9881}
		]
	},
	{
		"id": 9884,
		"color": 0,
		"conflict_degree":2,
		"stitch_degree":1,
		"conflict": [
			{"id": 9914},
			{"id": 9915}
		],
		"stitch": [
			{"id": 9881}
		]
	},
	{
		"id": 9885,
		"color": 2,
		"conflict_degree":3,
		"stitch_degree":1,
		"conflict": [
			{"id": 9880},
			{"id": 9910},
			{"id": 9911}
		],
		"stitch": [
			{"id": 9886}
		]
	},
	{
		"id": 9886,
		"color": 2,
		"conflict_degree":4,
		"stitch_degree":1,
		"conflict": [
			{"id": 9880},
			{"id": 9889},
			{"id": 9910},
			{"id": 9911}
		],
		"stitch": [
			{"id": 9885}
		]
	},
	{
		"id": 9887,
		"color": 1,
		"conflict_degree":5,
		"stitch_degree":1,
		"conflict": [
			{"id": 9881},
			{"id": 9882},
			{"id": 9910},
			{"id": 9911},
			{"id": 9912}
		],
		"stitch": [
			{"id": 9888}
		]
	},
	{
		"id": 9888,
		"color": 1,
		"conflict_degree":5,
		"stitch_degree":2,
		"conflict": [
			{"id": 9881},
			{"id": 9882},
			{"id": 9908},
			{"id": 9910},
			{"id": 9911}
		],
		"stitch": [
			{"id": 9887},
			{"id": 9889}
		]
	},
	{
		"id": 9889,
		"color": 1,
		"conflict_degree":5,
		"stitch_degree":1,
		"conflict": [
			{"id": 9886},
			{"id": 9890},
			{"id": 9905},
			{"id": 9908},
			{"id": 9909}
		],
		"stitch": [
			{"id": 9888}
		]
	},
	{
		"id": 9910,
		"color": 0,
		"conflict_degree":6,
		"stitch_degree":1,
		"conflict": [
			{"id": 9879},
			{"id": 9885},
			{"id": 9886},
			{"id": 9887},
			{"id": 9888},
			{"id": 9912}
		],
		"stitch": [
			{"id": 9911}
		]
	},
	{
		"id": 9911,
		"color": 0,
		"conflict_degree":4,
		"stitch_degree":1,
		"conflict": [
			{"id": 9885},
			{"id": 9886},
			{"id": 9887},
			{"id": 9888}
		],
		"stitch": [
			{"id": 9910}
		]
	},
	{
		"id": 9912,
		"color": 2,
		"conflict_degree":4,
		"stitch_degree":0,
		"conflict": [
			{"id": 9879},
			{"id": 9881},
			{"id": 9887},
			{"id": 9910}
		],
		"stitch": []
	},
	{
		"id": 10074,
		"color": 1,
		"conflict_degree":5,
		"stitch_degree":1,
		"conflict": [
			{"id": 10073},
			{"id": 10092},
			{"id": 10094},
			{"id": 10097},
			{"id": 10098}
		],
		"stitch": [
			{"id": 10075}
		]
	},
	{
		"id": 10075,
		"color": 1,
		"conflict_degree":2,
		"stitch_degree":2,
		"conflict": [
			{"id": 10096},
			{"id": 10099}
		],
		"stitch": [
			{"id": 10074},
			{"id": 10076}
		]
	},
	{
		"id": 10076,
		"color": 1,
		"conflict_degree":3,
		"stitch_degree":1,
		"conflict": [
			{"id": 10078},
			{"id": 10096},
			{"id": 10099}
		],
		"stitch": [
			{"id": 10075}
		]
	},
	{
		"id": 10077,
		"color": 0,
		"conflict_degree":3,
		"stitch_degree":1,
		"conflict": [
			{"id": 10081},
			{"id": 10091},
			{"id": 10093}
		],
		"stitch": [
			{"id": 10078}
		]
	},
	{
		"id": 10078,
		"color": 0,
		"conflict_degree":4,
		"stitch_degree":2,
		"conflict": [
			{"id": 10076},
			{"id": 10081},
			{"id": 10083},
			{"id": 10096}
		],
		"stitch": [
			{"id": 10077},
			{"id": 10079}
		]
	},
	{
		"id": 10079,
		"color": 0,
		"conflict_degree":1,
		"stitch_degree":2,
		"conflict": [
			{"id": 10083}
		],
		"stitch": [
			{"id": 10078},
			{"id": 10080}
		]
	},
	{
		"id": 10080,
		"color": 0,
		"conflict_degree":2,
		"stitch_degree":1,
		"conflict": [
			{"id": 10082},
			{"id": 10083}
		],
		"stitch": [
			{"id": 10079}
		]
	},
	{
		"id": 10092,
		"color": 2,
		"conflict_degree":3,
		"stitch_degree":1,
		"conflict": [
			{"id": 10074},
			{"id": 10094},
			{"id": 10095}
		],
		"stitch": [
			{"id": 10093}
		]
	},
	{
		"id": 10093,
		"color": 2,
		"conflict_degree":4,
		"stitch_degree":1,
		"conflict": [
			{"id": 10077},
			{"id": 10091},
			{"id": 10094},
			{"id": 10095}
		],
		"stitch": [
			{"id": 10092}
		]
	},
	{
		"id": 10094,
		"color": 0,
		"conflict_degree":3,
		"stitch_degree":1,
		"conflict": [
			{"id": 10074},
			{"id": 10092},
			{"id": 10093}
		],
		"stitch": [
			{"id": 10095}
		]
	},
	{
		"id": 10095,
		"color": 0,
		"conflict_degree":3,
		"stitch_degree":1,
		"conflict": [
			{"id": 10092},
			{"id": 10093},
			{"id": 10096}
		],
		"stitch": [
			{"id": 10094}
		]
	},
	{
		"id": 10096,
		"color": 2,
		"conflict_degree":4,
		"stitch_degree":0,
		"conflict": [
			{"id": 10075},
			{"id": 10076},
			{"id": 10078},
			{"id": 10095}
		],
		"stitch": []
	},
	{
		"id": 11629,
		"color": 2,
		"conflict_degree":4,
		"stitch_degree":1,
		"conflict": [
			{"id": 11628},
			{"id": 11659},
			{"id": 11661},
			{"id": 11664}
		],
		"stitch": [
			{"id": 11630}
		]
	},
	{
		"id": 11630,
		"color": 2,
		"conflict_degree":4,
		"stitch_degree":4,
		"conflict": [
			{"id": 11635},
			{"id": 11663},
			{"id": 11664},
			{"id": 11665}
		],
		"stitch": [
			{"id": 11629},
			{"id": 11631},
			{"id": 11632},
			{"id": 11633}
		]
	},
	{
		"id": 11631,
		"color": 2,
		"conflict_degree":5,
		"stitch_degree":1,
		"conflict": [
			{"id": 11634},
			{"id": 11635},
			{"id": 11659},
			{"id": 11660},
			{"id": 11663}
		],
		"stitch": [
			{"id": 11630}
		]
	},
	{
		"id": 11632,
		"color": 2,
		"conflict_degree":2,
		"stitch_degree":1,
		"conflict": [
			{"id": 11663},
			{"id": 11664}
		],
		"stitch": [
			{"id": 11630}
		]
	},
	{
		"id": 11633,
		"color": 2,
		"conflict_degree":2,
		"stitch_degree":1,
		"conflict": [
			{"id": 11664},
			{"id": 11665}
		],
		"stitch": [
			{"id": 11630}
		]
	},
	{
		"id": 11634,
		"color": 0,
		"conflict_degree":5,
		"stitch_degree":2,
		"conflict": [
			{"id": 11631},
			{"id": 11656},
			{"id": 11658},
			{"id": 11660},
			{"id": 11662}
		],
		"stitch": [
			{"id": 11635},
			{"id": 11636}
		]
	},
	{
		"id": 11635,
		"color": 0,
		"conflict_degree":4,
		"stitch_degree":1,
		"conflict": [
			{"id": 11630},
			{"id": 11631},
			{"id": 11658},
			{"id": 11660}
		],
		"stitch": [
			{"id": 11634}
		]
	},
	{
		"id": 11636,
		"color": 0,
		"conflict_degree":1,
		"stitch_degree":2,
		"conflict": [
			{"id": 11656}
		],
		"stitch": [
			{"id": 11634},
			{"id": 11637}
		]
	},
	{
		"id": 11637,
		"color": 0,
		"conflict_degree":1,
		"stitch_degree":1,
		"conflict": [
			{"id": 11638}
		],
		"stitch": [
			{"id": 11636}
		]
	},
	{
		"id": 11657,
		"color": 2,
		"conflict_degree":4,
		"stitch_degree":1,
		"conflict": [
			{"id": 11659},
			{"id": 11660},
			{"id": 11661},
			{"id": 11662}
		],
		"stitch": [
			{"id": 11658}
		]
	},
	{
		"id": 11658,
		"color": 2,
		"conflict_degree":6,
		"stitch_degree":1,
		"conflict": [
			{"id": 11634},
			{"id": 11635},
			{"id": 11659},
			{"id": 11660},
			{"id": 11661},
			{"id": 11662}
		],
		"stitch": [
			{"id": 11657}
		]
	},
	{
		"id": 11659,
		"color": 1,
		"conflict_degree":4,
		"stitch_degree":1,
		"conflict": [
			{"id": 11629},
			{"id": 11631},
			{"id": 11657},
			{"id": 11658}
		],
		"stitch": [
			{"id": 11660}
		]
	},
	{
		"id": 11660,
		"color": 1,
		"conflict_degree":5,
		"stitch_degree":1,
		"conflict": [
			{"id": 11631},
			{"id": 11634},
			{"id": 11635},
			{"id": 11657},
			{"id": 11658}
		],
		"stitch": [
			{"id": 11659}
		]
	},
	{
		"id": 11661,
		"color": 1,
		"conflict_degree":3,
		"stitch_degree":1,
		"conflict": [
			{"id": 11629},
			{"id": 11657},
			{"id": 11658}
		],
		"stitch": [
			{"id": 11662}
		]
	},
	{
		"id": 11662,
		"color": 1,
		"conflict_degree":3,
		"stitch_degree":1,
		"conflict": [
			{"id": 11634},
			{"id": 11657},
			{"id": 11658}
		],
		"stitch": [
			{"id": 11661}
		]
	},
	{
		"id": 12309,
		"color": 1,
		"conflict_degree":6,
		"stitch_degree":1,
		"conflict": [
			{"id": 12308},
			{"id": 12334},
			{"id": 12336},
			{"id": 12337},
			{"id": 12339},
			{"id": 12341}
		],
		"stitch": [
			{"id": 12310}
		]
	},
	{
		"id": 12310,
		"color": 1,
		"conflict_degree":4,
		"stitch_degree":4,
		"conflict": [
			{"id": 12314},
			{"id": 12339},
			{"id": 12340},
			{"id": 12342}
		],
		"stitch": [
			{"id": 12309},
			{"id": 12311},
			{"id": 12312},
			{"id": 12313}
		]
	},
	{
		"id": 12311,
		"color": 1,
		"conflict_degree":5,
		"stitch_degree":1,
		"conflict": [
			{"id": 12314},
			{"id": 12315},
			{"id": 12334},
			{"id": 12335},
			{"id": 12340}
		],
		"stitch": [
			{"id": 12310}
		]
	},
	{
		"id": 12312,
		"color": 1,
		"conflict_degree":2,
		"stitch_degree":1,
		"conflict": [
			{"id": 12339},
			{"id": 12340}
		],
		"stitch": [
			{"id": 12310}
		]
	},
	{
		"id": 12313,
		"color": 1,
		"conflict_degree":2,
		"stitch_degree":1,
		"conflict": [
			{"id": 12339},
			{"id": 12342}
		],
		"stitch": [
			{"id": 12310}
		]
	},
	{
		"id": 12314,
		"color": 0,
		"conflict_degree":4,
		"stitch_degree":1,
		"conflict": [
			{"id": 12310},
			{"id": 12311},
			{"id": 12330},
			{"id": 12335}
		],
		"stitch": [
			{"id": 12315}
		]
	},
	{
		"id": 12315,
		"color": 0,
		"conflict_degree":5,
		"stitch_degree":2,
		"conflict": [
			{"id": 12311},
			{"id": 12330},
			{"id": 12333},
			{"id": 12335},
			{"id": 12338}
		],
		"stitch": [
			{"id": 12314},
			{"id": 12316}
		]
	},
	{
		"id": 12316,
		"color": 0,
		"conflict_degree":1,
		"stitch_degree":2,
		"conflict": [
			{"id": 12333}
		],
		"stitch": [
			{"id": 12315},
			{"id": 12317}
		]
	},
	{
		"id": 12317,
		"color": 0,
		"conflict_degree":1,
		"stitch_degree":1,
		"conflict": [
			{"id": 12318}
		],
		"stitch": [
			{"id": 12316}
		]
	},
	{
		"id": 12334,
		"color": 2,
		"conflict_degree":3,
		"stitch_degree":1,
		"conflict": [
			{"id": 12309},
			{"id": 12311},
			{"id": 12336}
		],
		"stitch": [
			{"id": 12335}
		]
	},
	{
		"id": 12335,
		"color": 2,
		"conflict_degree":4,
		"stitch_degree":1,
		"conflict": [
			{"id": 12311},
			{"id": 12314},
			{"id": 12315},
			{"id": 12336}
		],
		"stitch": [
			{"id": 12334}
		]
	},
	{
		"id": 12336,
		"color": 0,
		"conflict_degree":5,
		"stitch_degree":0,
		"conflict": [
			{"id": 12309},
			{"id": 12334},
			{"id": 12335},
			{"id": 12337},
			{"id": 12338}
		],
		"stitch": []
	},
	{
		"id": 12337,
		"color": 2,
		"conflict_degree":2,
		"stitch_degree":1,
		"conflict": [
			{"id": 12309},
			{"id": 12336}
		],
		"stitch": [
			{"id": 12338}
		]
	},
	{
		"id": 12338,
		"color": 2,
		"conflict_degree":2,
		"stitch_degree":1,
		"conflict": [
			{"id": 12315},
			{"id": 12336}
		],
		"stitch": [
			{"id": 12337}
		]
	},
	{
		"id": 12629,
		"color": 0,
		"conflict_degree":6,
		"stitch_degree":2,
		"conflict": [
			{"id": 12634},
			{"id": 12650},
			{"id": 12651},
			{"id": 12652},
			{"id": 12653},
			{"id": 12656}
		],
		"stitch": [
			{"id": 12630},
			{"id": 12631}
		]
	},
	{
		"id": 12630,
		"color": 1,
		"conflict_degree":2,
		"stitch_degree":1,
		"conflict": [
			{"id": 12636},
			{"id": 12656}
		],
		"stitch": [
			{"id": 12629}
		]
	},
	{
		"id": 12631,
		"color": 0,
		"conflict_degree":3,
		"stitch_degree":3,
		"conflict": [
			{"id": 12634},
			{"id": 12635},
			{"id": 12655}
		],
		"stitch": [
			{"id": 12629},
			{"id": 12632},
			{"id": 12633}
		]
	},
	{
		"id": 12632,
		"color": 0,
		"conflict_degree":2,
		"stitch_degree":1,
		"conflict": [
			{"id": 12634},
			{"id": 12635}
		],
		"stitch": [
			{"id": 12631}
		]
	},
	{
		"id": 12633,
		"color": 0,
		"conflict_degree":2,
		"stitch_degree":1,
		"conflict": [
			{"id": 12634},
			{"id": 12655}
		],
		"stitch": [
			{"id": 12631}
		]
	},
	{
		"id": 12636,
		"color": 0,
		"conflict_degree":5,
		"stitch_degree":1,
		"conflict": [
			{"id": 12630},
			{"id": 12635},
			{"id": 12651},
			{"id": 12653},
			{"id": 12654}
		],
		"stitch": [
			{"id": 12637}
		]
	},
	{
		"id": 12637,
		"color": 0,
		"conflict_degree":1,
		"stitch_degree":2,
		"conflict": [
			{"id": 12654}
		],
		"stitch": [
			{"id": 12636},
			{"id": 12638}
		]
	},
	{
		"id": 12638,
		"color": 0,
		"conflict_degree":1,
		"stitch_degree":1,
		"conflict": [
			{"id": 12639}
		],
		"stitch": [
			{"id": 12637}
		]
	},
	{
		"id": 12650,
		"color": 1,
		"conflict_degree":3,
		"stitch_degree":1,
		"conflict": [
			{"id": 12629},
			{"id": 12652},
			{"id": 12653}
		],
		"stitch": [
			{"id": 12651}
		]
	},
	{
		"id": 12651,
		"color": 1,
		"conflict_degree":4,
		"stitch_degree":1,
		"conflict": [
			{"id": 12629},
			{"id": 12636},
			{"id": 12652},
			{"id": 12653}
		],
		"stitch": [
			{"id": 12650}
		]
	},
	{
		"id": 12652,
		"color": 2,
		"conflict_degree":3,
		"stitch_degree":1,
		"conflict": [
			{"id": 12629},
			{"id": 12650},
			{"id": 12651}
		],
		"stitch": [
			{"id": 12653}
		]
	},
	{
		"id": 12653,
		"color": 2,
		"conflict_degree":4,
		"stitch_degree":1,
		"conflict": [
			{"id": 12629},
			{"id": 12636},
			{"id": 12650},
			{"id": 12651}
		],
		"stitch": [
			{"id": 12652}
		]
	},
	{
		"id": 14523,
		"color": 0,
		"conflict_degree":4,
		"stitch_degree":2,
		"conflict": [
			{"id": 14521},
			{"id": 14553},
			{"id": 14556},
			{"id": 14557}
		],
		"stitch": [
			{"id": 14526},
			{"id": 14524}
		]
	},
	{
		"id": 14524,
		"color": 0,
		"conflict_degree":3,
		"stitch_degree":2,
		"conflict": [
			{"id": 14521},
			{"id": 14556},
			{"id": 14557}
		],
		"stitch": [
			{"id": 14523},
			{"id": 14525}
		]
	},
	{
		"id": 14525,
		"color": 0,
		"conflict_degree":5,
		"stitch_degree":1,
		"conflict": [
			{"id": 14521},
			{"id": 14522},
			{"id": 14527},
			{"id": 14556},
			{"id": 14557}
		],
		"stitch": [
			{"id": 14524}
		]
	},
	{
		"id": 14526,
		"color": 0,
		"conflict_degree":7,
		"stitch_degree":1,
		"conflict": [
			{"id": 14521},
			{"id": 14553},
			{"id": 14554},
			{"id": 14556},
			{"id": 14557},
			{"id": 14559},
			{"id": 14560}
		],
		"stitch": [
			{"id": 14523}
		]
	},
	{
		"id": 14528,
		"color": 0,
		"conflict_degree":3,
		"stitch_degree":1,
		"conflict": [
			{"id": 14527},
			{"id": 14557},
			{"id": 14558}
		],
		"stitch": [
			{"id": 14529}
		]
	},
	{
		"id": 14529,
		"color": 0,
		"conflict_degree":4,
		"stitch_degree":2,
		"conflict": [
			{"id": 14531},
			{"id": 14532},
			{"id": 14557},
			{"id": 14558}
		],
		"stitch": [
			{"id": 14528},
			{"id": 14530}
		]
	},
	{
		"id": 14530,
		"color": 0,
		"conflict_degree":6,
		"stitch_degree":1,
		"conflict": [
			{"id": 14531},
			{"id": 14551},
			{"id": 14552},
			{"id": 14555},
			{"id": 14557},
			{"id": 14558}
		],
		"stitch": [
			{"id": 14529}
		]
	},
	{
		"id": 14552,
		"color": 2,
		"conflict_degree":4,
		"stitch_degree":0,
		"conflict": [
			{"id": 14530},
			{"id": 14554},
			{"id": 14555},
			{"id": 14559}
		],
		"stitch": []
	},
	{
		"id": 14553,
		"color": 1,
		"conflict_degree":5,
		"stitch_degree":1,
		"conflict": [
			{"id": 14523},
			{"id": 14526},
			{"id": 14556},
			{"id": 14557},
			{"id": 14559}
		],
		"stitch": [
			{"id": 14554}
		]
	},
	{
		"id": 14554,
		"color": 1,
		"conflict_degree":6,
		"stitch_degree":2,
		"conflict": [
			{"id": 14526},
			{"id": 14552},
			{"id": 14556},
			{"id": 14557},
			{"id": 14558},
			{"id": 14559}
		],
		"stitch": [
			{"id": 14553},
			{"id": 14555}
		]
	},
	{
		"id": 14555,
		"color": 1,
		"conflict_degree":5,
		"stitch_degree":1,
		"conflict": [
			{"id": 14530},
			{"id": 14552},
			{"id": 14557},
			{"id": 14558},
			{"id": 14559}
		],
		"stitch": [
			{"id": 14554}
		]
	},
	{
		"id": 14556,
		"color": 2,
		"conflict_degree":6,
		"stitch_degree":1,
		"conflict": [
			{"id": 14523},
			{"id": 14524},
			{"id": 14525},
			{"id": 14526},
			{"id": 14553},
			{"id": 14554}
		],
		"stitch": [
			{"id": 14557}
		]
	},
	{
		"id": 14557,
		"color": 2,
		"conflict_degree":10,
		"stitch_degree":2,
		"conflict": [
			{"id": 14523},
			{"id": 14524},
			{"id": 14525},
			{"id": 14526},
			{"id": 14528},
			{"id": 14529},
			{"id": 14530},
			{"id": 14553},
			{"id": 14554},
			{"id": 14555}
		],
		"stitch": [
			{"id": 14556},
			{"id": 14558}
		]
	},
	{
		"id": 14558,
		"color": 2,
		"conflict_degree":5,
		"stitch_degree":1,
		"conflict": [
			{"id": 14528},
			{"id": 14529},
			{"id": 14530},
			{"id": 14554},
			{"id": 14555}
		],
		"stitch": [
			{"id": 14557}
		]
	},
	{
		"id": 14559,
		"color": 2,
		"conflict_degree":5,
		"stitch_degree":0,
		"conflict": [
			{"id": 14526},
			{"id": 14552},
			{"id": 14553},
			{"id": 14554},
			{"id": 14555}
		],
		"stitch": []
	},
	{
		"id": 14793,
		"color": 1,
		"conflict_degree":3,
		"stitch_degree":1,
		"conflict": [
			{"id": 14797},
			{"id": 14798},
			{"id": 14799}
		],
		"stitch": [
			{"id": 14794}
		]
	},
	{
		"id": 14794,
		"color": 1,
		"conflict_degree":5,
		"stitch_degree":2,
		"conflict": [
			{"id": 14791},
			{"id": 14792},
			{"id": 14797},
			{"id": 14798},
			{"id": 14799}
		],
		"stitch": [
			{"id": 14793},
			{"id": 14795}
		]
	},
	{
		"id": 14795,
		"color": 1,
		"conflict_degree":4,
		"stitch_degree":2,
		"conflict": [
			{"id": 14791},
			{"id": 14792},
			{"id": 14807},
			{"id": 14808}
		],
		"stitch": [
			{"id": 14794},
			{"id": 14796}
		]
	},
	{
		"id": 14796,
		"color": 1,
		"conflict_degree":3,
		"stitch_degree":1,
		"conflict": [
			{"id": 14802},
			{"id": 14807},
			{"id": 14808}
		],
		"stitch": [
			{"id": 14795}
		]
	},
	{
		"id": 14797,
		"color": 0,
		"conflict_degree":3,
		"stitch_degree":1,
		"conflict": [
			{"id": 14791},
			{"id": 14793},
			{"id": 14794}
		],
		"stitch": [
			{"id": 14798}
		]
	},
	{
		"id": 14798,
		"color": 0,
		"conflict_degree":3,
		"stitch_degree":2,
		"conflict": [
			{"id": 14791},
			{"id": 14793},
			{"id": 14794}
		],
		"stitch": [
			{"id": 14797},
			{"id": 14799}
		]
	},
	{
		"id": 14799,
		"color": 0,
		"conflict_degree":4,
		"stitch_degree":1,
		"conflict": [
			{"id": 14793},
			{"id": 14794},
			{"id": 14800},
			{"id": 14807}
		],
		"stitch": [
			{"id": 14798}
		]
	},
	{
		"id": 14800,
		"color": 1,
		"conflict_degree":2,
		"stitch_degree":1,
		"conflict": [
			{"id": 14799},
			{"id": 14807}
		],
		"stitch": [
			{"id": 14801}
		]
	},
	{
		"id": 14801,
		"color": 1,
		"conflict_degree":3,
		"stitch_degree":2,
		"conflict": [
			{"id": 14803},
			{"id": 14804},
			{"id": 14807}
		],
		"stitch": [
			{"id": 14800},
			{"id": 14802}
		]
	},
	{
		"id": 14802,
		"color": 0,
		"conflict_degree":5,
		"stitch_degree":1,
		"conflict": [
			{"id": 14796},
			{"id": 14803},
			{"id": 14806},
			{"id": 14807},
			{"id": 14808}
		],
		"stitch": [
			{"id": 14801}
		]
	},
	{
		"id": 14807,
		"color": 2,
		"conflict_degree":6,
		"stitch_degree":0,
		"conflict": [
			{"id": 14795},
			{"id": 14796},
			{"id": 14799},
			{"id": 14800},
			{"id": 14801},
			{"id": 14802}
		],
		"stitch": []
	},
	{
		"id": 15747,
		"color": 2,
		"conflict_degree":2,
		"stitch_degree":1,
		"conflict": [
			{"id": 15761},
			{"id": 15762}
		],
		"stitch": [
			{"id": 15748}
		]
	},
	{
		"id": 15748,
		"color": 2,
		"conflict_degree":3,
		"stitch_degree":2,
		"conflict": [
			{"id": 15746},
			{"id": 15752},
			{"id": 15761}
		],
		"stitch": [
			{"id": 15747},
			{"id": 15749}
		]
	},
	{
		"id": 15749,
		"color": 2,
		"conflict_degree":4,
		"stitch_degree":2,
		"conflict": [
			{"id": 15746},
			{"id": 15752},
			{"id": 15753},
			{"id": 15758}
		],
		"stitch": [
			{"id": 15748},
			{"id": 15750}
		]
	},
	{
		"id": 15750,
		"color": 2,
		"conflict_degree":4,
		"stitch_degree":1,
		"conflict": [
			{"id": 15751},
			{"id": 15752},
			{"id": 15753},
			{"id": 15758}
		],
		"stitch": [
			{"id": 15749}
		]
	},
	{
		"id": 15751,
		"color": 1,
		"conflict_degree":5,
		"stitch_degree":0,
		"conflict": [
			{"id": 15750},
			{"id": 15753},
			{"id": 15754},
			{"id": 15758},
			{"id": 15759}
		],
		"stitch": []
	},
	{
		"id": 15752,
		"color": 0,
		"conflict_degree":4,
		"stitch_degree":1,
		"conflict": [
			{"id": 15748},
			{"id": 15749},
			{"id": 15750},
			{"id": 15760}
		],
		"stitch": [
			{"id": 15753}
		]
	},
	{
		"id": 15753,
		"color": 0,
		"conflict_degree":4,
		"stitch_degree":2,
		"conflict": [
			{"id": 15749},
			{"id": 15750},
			{"id": 15751},
			{"id": 15760}
		],
		"stitch": [
			{"id": 15752},
			{"id": 15754}
		]
	},
	{
		"id": 15754,
		"color": 0,
		"conflict_degree":2,
		"stitch_degree":2,
		"conflict": [
			{"id": 15751},
			{"id": 15756}
		],
		"stitch": [
			{"id": 15753},
			{"id": 15755}
		]
	},
	{
		"id": 15755,
		"color": 0,
		"conflict_degree":3,
		"stitch_degree":1,
		"conflict": [
			{"id": 15756},
			{"id": 15757},
			{"id": 15759}
		],
		"stitch": [
			{"id": 15754}
		]
	},
	{
		"id": 15758,
		"color": 0,
		"conflict_degree":3,
		"stitch_degree":1,
		"conflict": [
			{"id": 15749},
			{"id": 15750},
			{"id": 15751}
		],
		"stitch": [
			{"id": 15759}
		]
	},
	{
		"id": 15759,
		"color": 2,
		"conflict_degree":2,
		"stitch_degree":1,
		"conflict": [
			{"id": 15751},
			{"id": 15755}
		],
		"stitch": [
			{"id": 15758}
		]
	},
	{
		"id": 16574,
		"color": 0,
		"conflict_degree":2,
		"stitch_degree":1,
		"conflict": [
			{"id": 16572},
			{"id": 16581}
		],
		"stitch": [
			{"id": 16575}
		]
	},
	{
		"id": 16575,
		"color": 0,
		"conflict_degree":5,
		"stitch_degree":3,
		"conflict": [
			{"id": 16581},
			{"id": 16582},
			{"id": 16606},
			{"id": 16609},
			{"id": 16611}
		],
		"stitch": [
			{"id": 16574},
			{"id": 16576},
			{"id": 16577}
		]
	},
	{
		"id": 16576,
		"color": 0,
		"conflict_degree":1,
		"stitch_degree":1,
		"conflict": [
			{"id": 16581}
		],
		"stitch": [
			{"id": 16575}
		]
	},
	{
		"id": 16577,
		"color": 0,
		"conflict_degree":8,
		"stitch_degree":4,
		"conflict": [
			{"id": 16572},
			{"id": 16584},
			{"id": 16606},
			{"id": 16607},
			{"id": 16608},
			{"id": 16609},
			{"id": 16611},
			{"id": 16612}
		],
		"stitch": [
			{"id": 16575},
			{"id": 16578},
			{"id": 16579},
			{"id": 16580}
		]
	},
	{
		"id": 16578,
		"color": 0,
		"conflict_degree":1,
		"stitch_degree":1,
		"conflict": [
			{"id": 16612}
		],
		"stitch": [
			{"id": 16577}
		]
	},
	{
		"id": 16579,
		"color": 0,
		"conflict_degree":2,
		"stitch_degree":1,
		"conflict": [
			{"id": 16611},
			{"id": 16612}
		],
		"stitch": [
			{"id": 16577}
		]
	},
	{
		"id": 16580,
		"color": 0,
		"conflict_degree":3,
		"stitch_degree":1,
		"conflict": [
			{"id": 16572},
			{"id": 16608},
			{"id": 16611}
		],
		"stitch": [
			{"id": 16577}
		]
	},
	{
		"id": 16582,
		"color": 1,
		"conflict_degree":4,
		"stitch_degree":1,
		"conflict": [
			{"id": 16575},
			{"id": 16581},
			{"id": 16606},
			{"id": 16607}
		],
		"stitch": [
			{"id": 16583}
		]
	},
	{
		"id": 16583,
		"color": 0,
		"conflict_degree":5,
		"stitch_degree":1,
		"conflict": [
			{"id": 16581},
			{"id": 16584},
			{"id": 16585},
			{"id": 16606},
			{"id": 16607}
		],
		"stitch": [
			{"id": 16582}
		]
	},
	{
		"id": 16584,
		"color": 1,
		"conflict_degree":4,
		"stitch_degree":1,
		"conflict": [
			{"id": 16577},
			{"id": 16583},
			{"id": 16586},
			{"id": 16607}
		],
		"stitch": [
			{"id": 16585}
		]
	},
	{
		"id": 16585,
		"color": 1,
		"conflict_degree":4,
		"stitch_degree":1,
		"conflict": [
			{"id": 16583},
			{"id": 16586},
			{"id": 16588},
			{"id": 16607}
		],
		"stitch": [
			{"id": 16584}
		]
	},
	{
		"id": 16606,
		"color": 2,
		"conflict_degree":4,
		"stitch_degree":1,
		"conflict": [
			{"id": 16575},
			{"id": 16577},
			{"id": 16582},
			{"id": 16583}
		],
		"stitch": [
			{"id": 16607}
		]
	},
	{
		"id": 16607,
		"color": 2,
		"conflict_degree":5,
		"stitch_degree":1,
		"conflict": [
			{"id": 16577},
			{"id": 16582},
			{"id": 16583},
			{"id": 16584},
			{"id": 16585}
		],
		"stitch": [
			{"id": 16606}
		]
	},
	{
		"id": 17849,
		"color": 1,
		"conflict_degree":1,
		"stitch_degree":1,
		"conflict": [
			{"id": 17847}
		],
		"stitch": [
			{"id": 17850}
		]
	},
	{
		"id": 17850,
		"color": 1,
		"conflict_degree":1,
		"stitch_degree":2,
		"conflict": [
			{"id": 17852}
		],
		"stitch": [
			{"id": 17849},
			{"id": 17851}
		]
	},
	{
		"id": 17851,
		"color": 1,
		"conflict_degree":6,
		"stitch_degree":1,
		"conflict": [
			{"id": 17852},
			{"id": 17853},
			{"id": 17854},
			{"id": 17875},
			{"id": 17877},
			{"id": 17880}
		],
		"stitch": [
			{"id": 17850}
		]
	},
	{
		"id": 17854,
		"color": 2,
		"conflict_degree":4,
		"stitch_degree":1,
		"conflict": [
			{"id": 17851},
			{"id": 17853},
			{"id": 17877},
			{"id": 17878}
		],
		"stitch": [
			{"id": 17855}
		]
	},
	{
		"id": 17855,
		"color": 2,
		"conflict_degree":4,
		"stitch_degree":2,
		"conflict": [
			{"id": 17853},
			{"id": 17873},
			{"id": 17877},
			{"id": 17878}
		],
		"stitch": [
			{"id": 17854},
			{"id": 17856}
		]
	},
	{
		"id": 17856,
		"color": 2,
		"conflict_degree":6,
		"stitch_degree":1,
		"conflict": [
			{"id": 17857},
			{"id": 17873},
			{"id": 17874},
			{"id": 17876},
			{"id": 17878},
			{"id": 17879}
		],
		"stitch": [
			{"id": 17855}
		]
	},
	{
		"id": 17875,
		"color": 2,
		"conflict_degree":3,
		"stitch_degree":1,
		"conflict": [
			{"id": 17851},
			{"id": 17877},
			{"id": 17878}
		],
		"stitch": [
			{"id": 17876}
		]
	},
	{
		"id": 17876,
		"color": 1,
		"conflict_degree":3,
		"stitch_degree":1,
		"conflict": [
			{"id": 17856},
			{"id": 17877},
			{"id": 17878}
		],
		"stitch": [
			{"id": 17875}
		]
	},
	{
		"id": 17877,
		"color": 0,
		"conflict_degree":5,
		"stitch_degree":1,
		"conflict": [
			{"id": 17851},
			{"id": 17854},
			{"id": 17855},
			{"id": 17875},
			{"id": 17876}
		],
		"stitch": [
			{"id": 17878}
		]
	},
	{
		"id": 17878,
		"color": 0,
		"conflict_degree":5,
		"stitch_degree":1,
		"conflict": [
			{"id": 17854},
			{"id": 17855},
			{"id": 17856},
			{"id": 17875},
			{"id": 17876}
		],
		"stitch": [
			{"id": 17877}
		]
	},
	{
		"id": 20137,
		"color": 1,
		"conflict_degree":4,
		"stitch_degree":2,
		"conflict": [
			{"id": 20136},
			{"id": 20140},
			{"id": 20164},
			{"id": 20167}
		],
		"stitch": [
			{"id": 20138},
			{"id": 20139}
		]
	},
	{
		"id": 20138,
		"color": 1,
		"conflict_degree":6,
		"stitch_degree":1,
		"conflict": [
			{"id": 20160},
			{"id": 20161},
			{"id": 20163},
			{"id": 20164},
			{"id": 20166},
			{"id": 20167}
		],
		"stitch": [
			{"id": 20137}
		]
	},
	{
		"id": 20139,
		"color": 1,
		"conflict_degree":3,
		"stitch_degree":1,
		"conflict": [
			{"id": 20140},
			{"id": 20141},
			{"id": 20164}
		],
		"stitch": [
			{"id": 20137}
		]
	},
	{
		"id": 20140,
		"color": 2,
		"conflict_degree":3,
		"stitch_degree":1,
		"conflict": [
			{"id": 20137},
			{"id": 20139},
			{"id": 20164}
		],
		"stitch": [
			{"id": 20141}
		]
	},
	{
		"id": 20141,
		"color": 2,
		"conflict_degree":2,
		"stitch_degree":2,
		"conflict": [
			{"id": 20139},
			{"id": 20144}
		],
		"stitch": [
			{"id": 20140},
			{"id": 20142}
		]
	},
	{
		"id": 20142,
		"color": 2,
		"conflict_degree":1,
		"stitch_degree":2,
		"conflict": [
			{"id": 20144}
		],
		"stitch": [
			{"id": 20141},
			{"id": 20143}
		]
	},
	{
		"id": 20143,
		"color": 1,
		"conflict_degree":3,
		"stitch_degree":1,
		"conflict": [
			{"id": 20144},
			{"id": 20161},
			{"id": 20162}
		],
		"stitch": [
			{"id": 20142}
		]
	},
	{
		"id": 20160,
		"color": 2,
		"conflict_degree":3,
		"stitch_degree":1,
		"conflict": [
			{"id": 20138},
			{"id": 20163},
			{"id": 20164}
		],
		"stitch": [
			{"id": 20161}
		]
	},
	{
		"id": 20161,
		"color": 2,
		"conflict_degree":5,
		"stitch_degree":2,
		"conflict": [
			{"id": 20138},
			{"id": 20143},
			{"id": 20159},
			{"id": 20163},
			{"id": 20164}
		],
		"stitch": [
			{"id": 20160},
			{"id": 20162}
		]
	},
	{
		"id": 20162,
		"color": 2,
		"conflict_degree":3,
		"stitch_degree":1,
		"conflict": [
			{"id": 20143},
			{"id": 20144},
			{"id": 20159}
		],
		"stitch": [
			{"id": 20161}
		]
	},
	{
		"id": 20164,
		"color": 0,
		"conflict_degree":6,
		"stitch_degree":0,
		"conflict": [
			{"id": 20137},
			{"id": 20138},
			{"id": 20139},
			{"id": 20140},
			{"id": 20160},
			{"id": 20161}
		],
		"stitch": []
	},
	{
		"id": 20823,
		"color": 2,
		"conflict_degree":5,
		"stitch_degree":1,
		"conflict": [
			{"id": 20822},
			{"id": 20833},
			{"id": 20837},
			{"id": 20838},
			{"id": 20839}
		],
		"stitch": [
			{"id": 20824}
		]
	},
	{
		"id": 20824,
		"color": 2,
		"conflict_degree":1,
		"stitch_degree":2,
		"conflict": [
			{"id": 20838}
		],
		"stitch": [
			{"id": 20823},
			{"id": 20825}
		]
	},
	{
		"id": 20825,
		"color": 2,
		"conflict_degree":4,
		"stitch_degree":2,
		"conflict": [
			{"id": 20827},
			{"id": 20828},
			{"id": 20831},
			{"id": 20838}
		],
		"stitch": [
			{"id": 20824},
			{"id": 20826}
		]
	},
	{
		"id": 20826,
		"color": 2,
		"conflict_degree":3,
		"stitch_degree":1,
		"conflict": [
			{"id": 20827},
			{"id": 20828},
			{"id": 20831}
		],
		"stitch": [
			{"id": 20825}
		]
	},
	{
		"id": 20827,
		"color": 0,
		"conflict_degree":4,
		"stitch_degree":1,
		"conflict": [
			{"id": 20825},
			{"id": 20826},
			{"id": 20834},
			{"id": 20835}
		],
		"stitch": [
			{"id": 20828}
		]
	},
	{
		"id": 20828,
		"color": 0,
		"conflict_degree":4,
		"stitch_degree":1,
		"conflict": [
			{"id": 20825},
			{"id": 20826},
			{"id": 20831},
			{"id": 20835}
		],
		"stitch": [
			{"id": 20827}
		]
	},
	{
		"id": 20829,
		"color": 1,
		"conflict_degree":3,
		"stitch_degree":1,
		"conflict": [
			{"id": 20832},
			{"id": 20835},
			{"id": 20836}
		],
		"stitch": [
			{"id": 20830}
		]
	},
	{
		"id": 20830,
		"color": 1,
		"conflict_degree":2,
		"stitch_degree":2,
		"conflict": [
			{"id": 20832},
			{"id": 20836}
		],
		"stitch": [
			{"id": 20829},
			{"id": 20831}
		]
	},
	{
		"id": 20831,
		"color": 1,
		"conflict_degree":4,
		"stitch_degree":1,
		"conflict": [
			{"id": 20825},
			{"id": 20826},
			{"id": 20828},
			{"id": 20832}
		],
		"stitch": [
			{"id": 20830}
		]
	},
	{
		"id": 20833,
		"color": 1,
		"conflict_degree":3,
		"stitch_degree":1,
		"conflict": [
			{"id": 20823},
			{"id": 20837},
			{"id": 20838}
		],
		"stitch": [
			{"id": 20834}
		]
	},
	{
		"id": 20834,
		"color": 2,
		"conflict_degree":4,
		"stitch_degree":2,
		"conflict": [
			{"id": 20827},
			{"id": 20836},
			{"id": 20837},
			{"id": 20838}
		],
		"stitch": [
			{"id": 20833},
			{"id": 20835}
		]
	},
	{
		"id": 20835,
		"color": 2,
		"conflict_degree":4,
		"stitch_degree":1,
		"conflict": [
			{"id": 20827},
			{"id": 20828},
			{"id": 20829},
			{"id": 20836}
		],
		"stitch": [
			{"id": 20834}
		]
	},
	{
		"id": 20848,
		"color": 1,
		"conflict_degree":2,
		"stitch_degree":1,
		"conflict": [
			{"id": 20846},
			{"id": 20870}
		],
		"stitch": [
			{"id": 20849}
		]
	},
	{
		"id": 20849,
		"color": 1,
		"conflict_degree":2,
		"stitch_degree":2,
		"conflict": [
			{"id": 20846},
			{"id": 20865}
		],
		"stitch": [
			{"id": 20848},
			{"id": 20850}
		]
	},
	{
		"id": 20850,
		"color": 1,
		"conflict_degree":5,
		"stitch_degree":1,
		"conflict": [
			{"id": 20851},
			{"id": 20864},
			{"id": 20865},
			{"id": 20867},
			{"id": 20869}
		],
		"stitch": [
			{"id": 20849}
		]
	},
	{
		"id": 20851,
		"color": 0,
		"conflict_degree":4,
		"stitch_degree":1,
		"conflict": [
			{"id": 20850},
			{"id": 20864},
			{"id": 20867},
			{"id": 20868}
		],
		"stitch": [
			{"id": 20852}
		]
	},
	{
		"id": 20852,
		"color": 0,
		"conflict_degree":4,
		"stitch_degree":2,
		"conflict": [
			{"id": 20861},
			{"id": 20864},
			{"id": 20867},
			{"id": 20868}
		],
		"stitch": [
			{"id": 20851},
			{"id": 20853}
		]
	},
	{
		"id": 20853,
		"color": 0,
		"conflict_degree":6,
		"stitch_degree":1,
		"conflict": [
			{"id": 20854},
			{"id": 20861},
			{"id": 20862},
			{"id": 20863},
			{"id": 20866},
			{"id": 20868}
		],
		"stitch": [
			{"id": 20852}
		]
	},
	{
		"id": 20865,
		"color": 0,
		"conflict_degree":4,
		"stitch_degree":1,
		"conflict": [
			{"id": 20849},
			{"id": 20850},
			{"id": 20867},
			{"id": 20868}
		],
		"stitch": [
			{"id": 20866}
		]
	},
	{
		"id": 20866,
		"color": 1,
		"conflict_degree":3,
		"stitch_degree":1,
		"conflict": [
			{"id": 20853},
			{"id": 20867},
			{"id": 20868}
		],
		"stitch": [
			{"id": 20865}
		]
	},
	{
		"id": 20867,
		"color": 2,
		"conflict_degree":5,
		"stitch_degree":1,
		"conflict": [
			{"id": 20850},
			{"id": 20851},
			{"id": 20852},
			{"id": 20865},
			{"id": 20866}
		],
		"stitch": [
			{"id": 20868}
		]
	},
	{
		"id": 20868,
		"color": 2,
		"conflict_degree":5,
		"stitch_degree":1,
		"conflict": [
			{"id": 20851},
			{"id": 20852},
			{"id": 20853},
			{"id": 20865},
			{"id": 20866}
		],
		"stitch": [
			{"id": 20867}
		]
	}
]