[
	{
		"id": 1428,
		"color": 0,
		"conflict_degree":1,
		"stitch_degree":1,
		"conflict": [
			{"id": 1426}
		],
		"stitch": [
			{"id": 1429}
		]
	},
	{
		"id": 1429,
		"color": 0,
		"conflict_degree":6,
		"stitch_degree":3,
		"conflict": [
			{"id": 1427},
			{"id": 1456},
			{"id": 1457},
			{"id": 1459},
			{"id": 1460},
			{"id": 1461}
		],
		"stitch": [
			{"id": 1428},
			{"id": 1430},
			{"id": 1432}
		]
	},
	{
		"id": 1430,
		"color": 0,
		"conflict_degree":6,
		"stitch_degree":2,
		"conflict": [
			{"id": 1427},
			{"id": 1434},
			{"id": 1435},
			{"id": 1457},
			{"id": 1458},
			{"id": 1460}
		],
		"stitch": [
			{"id": 1429},
			{"id": 1431}
		]
	},
	{
		"id": 1431,
		"color": 0,
		"conflict_degree":3,
		"stitch_degree":1,
		"conflict": [
			{"id": 1434},
			{"id": 1435},
			{"id": 1460}
		],
		"stitch": [
			{"id": 1430}
		]
	},
	{
		"id": 1432,
		"color": 0,
		"conflict_degree":5,
		"stitch_degree":2,
		"conflict": [
			{"id": 1452},
			{"id": 1453},
			{"id": 1454},
			{"id": 1455},
			{"id": 1461}
		],
		"stitch": [
			{"id": 1429},
			{"id": 1433}
		]
	},
	{
		"id": 1433,
		"color": 0,
		"conflict_degree":4,
		"stitch_degree":1,
		"conflict": [
			{"id": 1452},
			{"id": 1453},
			{"id": 1454},
			{"id": 1455}
		],
		"stitch": [
			{"id": 1432}
		]
	},
	{
		"id": 1435,
		"color": 1,
		"conflict_degree":4,
		"stitch_degree":1,
		"conflict": [
			{"id": 1430},
			{"id": 1431},
			{"id": 1434},
			{"id": 1458}
		],
		"stitch": [
			{"id": 1436}
		]
	},
	{
		"id": 1436,
		"color": 1,
		"conflict_degree":2,
		"stitch_degree":2,
		"conflict": [
			{"id": 1434},
			{"id": 1439}
		],
		"stitch": [
			{"id": 1435},
			{"id": 1437}
		]
	},
	{
		"id": 1437,
		"color": 1,
		"conflict_degree":6,
		"stitch_degree":1,
		"conflict": [
			{"id": 1438},
			{"id": 1439},
			{"id": 1440},
			{"id": 1451},
			{"id": 1454},
			{"id": 1455}
		],
		"stitch": [
			{"id": 1436}
		]
	},
	{
		"id": 1452,
		"color": 2,
		"conflict_degree":3,
		"stitch_degree":1,
		"conflict": [
			{"id": 1432},
			{"id": 1433},
			{"id": 1456}
		],
		"stitch": [
			{"id": 1453}
		]
	},
	{
		"id": 1453,
		"color": 2,
		"conflict_degree":3,
		"stitch_degree":2,
		"conflict": [
			{"id": 1432},
			{"id": 1433},
			{"id": 1456}
		],
		"stitch": [
			{"id": 1452},
			{"id": 1454}
		]
	},
	{
		"id": 1454,
		"color": 2,
		"conflict_degree":4,
		"stitch_degree":2,
		"conflict": [
			{"id": 1432},
			{"id": 1433},
			{"id": 1437},
			{"id": 1456}
		],
		"stitch": [
			{"id": 1453},
			{"id": 1455}
		]
	},
	{
		"id": 1455,
		"color": 2,
		"conflict_degree":4,
		"stitch_degree":1,
		"conflict": [
			{"id": 1432},
			{"id": 1433},
			{"id": 1437},
			{"id": 1456}
		],
		"stitch": [
			{"id": 1454}
		]
	},
	{
		"id": 1456,
		"color": 1,
		"conflict_degree":7,
		"stitch_degree":0,
		"conflict": [
			{"id": 1429},
			{"id": 1452},
			{"id": 1453},
			{"id": 1454},
			{"id": 1455},
			{"id": 1457},
			{"id": 1458}
		],
		"stitch": []
	},
	{
		"id": 1457,
		"color": 2,
		"conflict_degree":3,
		"stitch_degree":1,
		"conflict": [
			{"id": 1429},
			{"id": 1430},
			{"id": 1456}
		],
		"stitch": [
			{"id": 1458}
		]
	},
	{
		"id": 1458,
		"color": 2,
		"conflict_degree":3,
		"stitch_degree":1,
		"conflict": [
			{"id": 1430},
			{"id": 1435},
			{"id": 1456}
		],
		"stitch": [
			{"id": 1457}
		]
	},
	{
		"id": 1493,
		"color": 2,
		"conflict_degree":1,
		"stitch_degree":1,
		"conflict": [
			{"id": 1491}
		],
		"stitch": [
			{"id": 1494}
		]
	},
	{
		"id": 1494,
		"color": 2,
		"conflict_degree":5,
		"stitch_degree":3,
		"conflict": [
			{"id": 1502},
			{"id": 1503},
			{"id": 1512},
			{"id": 1514},
			{"id": 1516}
		],
		"stitch": [
			{"id": 1493},
			{"id": 1495},
			{"id": 1496}
		]
	},
	{
		"id": 1495,
		"color": 2,
		"conflict_degree":2,
		"stitch_degree":1,
		"conflict": [
			{"id": 1500},
			{"id": 1501}
		],
		"stitch": [
			{"id": 1494}
		]
	},
	{
		"id": 1496,
		"color": 2,
		"conflict_degree":6,
		"stitch_degree":4,
		"conflict": [
			{"id": 1502},
			{"id": 1503},
			{"id": 1513},
			{"id": 1514},
			{"id": 1516},
			{"id": 1517}
		],
		"stitch": [
			{"id": 1494},
			{"id": 1497},
			{"id": 1498},
			{"id": 1499}
		]
	},
	{
		"id": 1497,
		"color": 2,
		"conflict_degree":1,
		"stitch_degree":1,
		"conflict": [
			{"id": 1517}
		],
		"stitch": [
			{"id": 1496}
		]
	},
	{
		"id": 1498,
		"color": 2,
		"conflict_degree":2,
		"stitch_degree":1,
		"conflict": [
			{"id": 1516},
			{"id": 1517}
		],
		"stitch": [
			{"id": 1496}
		]
	},
	{
		"id": 1499,
		"color": 2,
		"conflict_degree":2,
		"stitch_degree":1,
		"conflict": [
			{"id": 1513},
			{"id": 1516}
		],
		"stitch": [
			{"id": 1496}
		]
	},
	{
		"id": 1500,
		"color": 1,
		"conflict_degree":2,
		"stitch_degree":1,
		"conflict": [
			{"id": 1495},
			{"id": 1512}
		],
		"stitch": [
			{"id": 1501}
		]
	},
	{
		"id": 1501,
		"color": 1,
		"conflict_degree":3,
		"stitch_degree":1,
		"conflict": [
			{"id": 1495},
			{"id": 1504},
			{"id": 1512}
		],
		"stitch": [
			{"id": 1500}
		]
	},
	{
		"id": 1502,
		"color": 1,
		"conflict_degree":3,
		"stitch_degree":1,
		"conflict": [
			{"id": 1494},
			{"id": 1496},
			{"id": 1512}
		],
		"stitch": [
			{"id": 1503}
		]
	},
	{
		"id": 1503,
		"color": 1,
		"conflict_degree":4,
		"stitch_degree":2,
		"conflict": [
			{"id": 1494},
			{"id": 1496},
			{"id": 1505},
			{"id": 1512}
		],
		"stitch": [
			{"id": 1502},
			{"id": 1504}
		]
	},
	{
		"id": 1504,
		"color": 2,
		"conflict_degree":4,
		"stitch_degree":1,
		"conflict": [
			{"id": 1501},
			{"id": 1505},
			{"id": 1510},
			{"id": 1511}
		],
		"stitch": [
			{"id": 1503}
		]
	},
	{
		"id": 1512,
		"color": 0,
		"conflict_degree":5,
		"stitch_degree":0,
		"conflict": [
			{"id": 1494},
			{"id": 1500},
			{"id": 1501},
			{"id": 1502},
			{"id": 1503}
		],
		"stitch": []
	},
	{
		"id": 3571,
		"color": 1,
		"conflict_degree":5,
		"stitch_degree":1,
		"conflict": [
			{"id": 3569},
			{"id": 3570},
			{"id": 3585},
			{"id": 3590},
			{"id": 3591}
		],
		"stitch": [
			{"id": 3572}
		]
	},
	{
		"id": 3572,
		"color": 1,
		"conflict_degree":3,
		"stitch_degree":2,
		"conflict": [
			{"id": 3574},
			{"id": 3583},
			{"id": 3584}
		],
		"stitch": [
			{"id": 3571},
			{"id": 3573}
		]
	},
	{
		"id": 3573,
		"color": 1,
		"conflict_degree":3,
		"stitch_degree":1,
		"conflict": [
			{"id": 3574},
			{"id": 3583},
			{"id": 3584}
		],
		"stitch": [
			{"id": 3572}
		]
	},
	{
		"id": 3574,
		"color": 2,
		"conflict_degree":3,
		"stitch_degree":1,
		"conflict": [
			{"id": 3572},
			{"id": 3573},
			{"id": 3579}
		],
		"stitch": [
			{"id": 3575}
		]
	},
	{
		"id": 3575,
		"color": 2,
		"conflict_degree":7,
		"stitch_degree":3,
		"conflict": [
			{"id": 3579},
			{"id": 3581},
			{"id": 3582},
			{"id": 3584},
			{"id": 3586},
			{"id": 3587},
			{"id": 3589}
		],
		"stitch": [
			{"id": 3574},
			{"id": 3576},
			{"id": 3577}
		]
	},
	{
		"id": 3576,
		"color": 2,
		"conflict_degree":1,
		"stitch_degree":1,
		"conflict": [
			{"id": 3580}
		],
		"stitch": [
			{"id": 3575}
		]
	},
	{
		"id": 3577,
		"color": 2,
		"conflict_degree":5,
		"stitch_degree":2,
		"conflict": [
			{"id": 3582},
			{"id": 3586},
			{"id": 3587},
			{"id": 3588},
			{"id": 3589}
		],
		"stitch": [
			{"id": 3575},
			{"id": 3578}
		]
	},
	{
		"id": 3578,
		"color": 2,
		"conflict_degree":2,
		"stitch_degree":1,
		"conflict": [
			{"id": 3588},
			{"id": 3589}
		],
		"stitch": [
			{"id": 3577}
		]
	},
	{
		"id": 3583,
		"color": 0,
		"conflict_degree":4,
		"stitch_degree":1,
		"conflict": [
			{"id": 3572},
			{"id": 3573},
			{"id": 3585},
			{"id": 3586}
		],
		"stitch": [
			{"id": 3584}
		]
	},
	{
		"id": 3584,
		"color": 0,
		"conflict_degree":6,
		"stitch_degree":1,
		"conflict": [
			{"id": 3572},
			{"id": 3573},
			{"id": 3575},
			{"id": 3585},
			{"id": 3586},
			{"id": 3587}
		],
		"stitch": [
			{"id": 3583}
		]
	},
	{
		"id": 3585,
		"color": 2,
		"conflict_degree":3,
		"stitch_degree":1,
		"conflict": [
			{"id": 3571},
			{"id": 3583},
			{"id": 3584}
		],
		"stitch": [
			{"id": 3586}
		]
	},
	{
		"id": 3586,
		"color": 1,
		"conflict_degree":4,
		"stitch_degree":2,
		"conflict": [
			{"id": 3575},
			{"id": 3577},
			{"id": 3583},
			{"id": 3584}
		],
		"stitch": [
			{"id": 3585},
			{"id": 3587}
		]
	},
	{
		"id": 3587,
		"color": 1,
		"conflict_degree":3,
		"stitch_degree":1,
		"conflict": [
			{"id": 3575},
			{"id": 3577},
			{"id": 3584}
		],
		"stitch": [
			{"id": 3586}
		]
	},
	{
		"id": 6702,
		"color": 0,
		"conflict_degree":4,
		"stitch_degree":1,
		"conflict": [
			{"id": 6699},
			{"id": 6716},
			{"id": 6721},
			{"id": 6726}
		],
		"stitch": [
			{"id": 6703}
		]
	},
	{
		"id": 6703,
		"color": 0,
		"conflict_degree":4,
		"stitch_degree":1,
		"conflict": [
			{"id": 6704},
			{"id": 6705},
			{"id": 6725},
			{"id": 6726}
		],
		"stitch": [
			{"id": 6702}
		]
	},
	{
		"id": 6704,
		"color": 1,
		"conflict_degree":2,
		"stitch_degree":1,
		"conflict": [
			{"id": 6703},
			{"id": 6725}
		],
		"stitch": [
			{"id": 6705}
		]
	},
	{
		"id": 6705,
		"color": 1,
		"conflict_degree":4,
		"stitch_degree":2,
		"conflict": [
			{"id": 6703},
			{"id": 6708},
			{"id": 6724},
			{"id": 6725}
		],
		"stitch": [
			{"id": 6704},
			{"id": 6706}
		]
	},
	{
		"id": 6706,
		"color": 1,
		"conflict_degree":2,
		"stitch_degree":2,
		"conflict": [
			{"id": 6708},
			{"id": 6724}
		],
		"stitch": [
			{"id": 6705},
			{"id": 6707}
		]
	},
	{
		"id": 6707,
		"color": 1,
		"conflict_degree":4,
		"stitch_degree":1,
		"conflict": [
			{"id": 6708},
			{"id": 6714},
			{"id": 6715},
			{"id": 6718}
		],
		"stitch": [
			{"id": 6706}
		]
	},
	{
		"id": 6713,
		"color": 0,
		"conflict_degree":5,
		"stitch_degree":1,
		"conflict": [
			{"id": 6716},
			{"id": 6717},
			{"id": 6721},
			{"id": 6722},
			{"id": 6723}
		],
		"stitch": [
			{"id": 6714}
		]
	},
	{
		"id": 6714,
		"color": 0,
		"conflict_degree":5,
		"stitch_degree":2,
		"conflict": [
			{"id": 6707},
			{"id": 6717},
			{"id": 6718},
			{"id": 6722},
			{"id": 6723}
		],
		"stitch": [
			{"id": 6713},
			{"id": 6715}
		]
	},
	{
		"id": 6715,
		"color": 0,
		"conflict_degree":3,
		"stitch_degree":1,
		"conflict": [
			{"id": 6707},
			{"id": 6718},
			{"id": 6723}
		],
		"stitch": [
			{"id": 6714}
		]
	},
	{
		"id": 6716,
		"color": 2,
		"conflict_degree":4,
		"stitch_degree":1,
		"conflict": [
			{"id": 6702},
			{"id": 6713},
			{"id": 6720},
			{"id": 6721}
		],
		"stitch": [
			{"id": 6717}
		]
	},
	{
		"id": 6717,
		"color": 2,
		"conflict_degree":5,
		"stitch_degree":2,
		"conflict": [
			{"id": 6713},
			{"id": 6714},
			{"id": 6719},
			{"id": 6720},
			{"id": 6721}
		],
		"stitch": [
			{"id": 6716},
			{"id": 6718}
		]
	},
	{
		"id": 6718,
		"color": 2,
		"conflict_degree":4,
		"stitch_degree":1,
		"conflict": [
			{"id": 6707},
			{"id": 6714},
			{"id": 6715},
			{"id": 6719}
		],
		"stitch": [
			{"id": 6717}
		]
	},
	{
		"id": 6721,
		"color": 1,
		"conflict_degree":5,
		"stitch_degree":0,
		"conflict": [
			{"id": 6702},
			{"id": 6713},
			{"id": 6716},
			{"id": 6717},
			{"id": 6722}
		],
		"stitch": []
	},
	{
		"id": 6880,
		"color": 1,
		"conflict_degree":1,
		"stitch_degree":1,
		"conflict": [
			{"id": 6878}
		],
		"stitch": [
			{"id": 6881}
		]
	},
	{
		"id": 6881,
		"color": 1,
		"conflict_degree":5,
		"stitch_degree":3,
		"conflict": [
			{"id": 6888},
			{"id": 6889},
			{"id": 6890},
			{"id": 6909},
			{"id": 6910}
		],
		"stitch": [
			{"id": 6880},
			{"id": 6882},
			{"id": 6886}
		]
	},
	{
		"id": 6882,
		"color": 1,
		"conflict_degree":7,
		"stitch_degree":4,
		"conflict": [
			{"id": 6879},
			{"id": 6887},
			{"id": 6889},
			{"id": 6890},
			{"id": 6891},
			{"id": 6909},
			{"id": 6910}
		],
		"stitch": [
			{"id": 6881},
			{"id": 6883},
			{"id": 6884},
			{"id": 6885}
		]
	},
	{
		"id": 6883,
		"color": 1,
		"conflict_degree":3,
		"stitch_degree":1,
		"conflict": [
			{"id": 6887},
			{"id": 6890},
			{"id": 6891}
		],
		"stitch": [
			{"id": 6882}
		]
	},
	{
		"id": 6884,
		"color": 1,
		"conflict_degree":2,
		"stitch_degree":1,
		"conflict": [
			{"id": 6887},
			{"id": 6909}
		],
		"stitch": [
			{"id": 6882}
		]
	},
	{
		"id": 6885,
		"color": 1,
		"conflict_degree":2,
		"stitch_degree":1,
		"conflict": [
			{"id": 6879},
			{"id": 6909}
		],
		"stitch": [
			{"id": 6882}
		]
	},
	{
		"id": 6886,
		"color": 0,
		"conflict_degree":2,
		"stitch_degree":1,
		"conflict": [
			{"id": 6907},
			{"id": 6908}
		],
		"stitch": [
			{"id": 6881}
		]
	},
	{
		"id": 6888,
		"color": 0,
		"conflict_degree":6,
		"stitch_degree":0,
		"conflict": [
			{"id": 6881},
			{"id": 6889},
			{"id": 6890},
			{"id": 6891},
			{"id": 6907},
			{"id": 6908}
		],
		"stitch": []
	},
	{
		"id": 6889,
		"color": 2,
		"conflict_degree":3,
		"stitch_degree":1,
		"conflict": [
			{"id": 6881},
			{"id": 6882},
			{"id": 6888}
		],
		"stitch": [
			{"id": 6890}
		]
	},
	{
		"id": 6890,
		"color": 2,
		"conflict_degree":4,
		"stitch_degree":2,
		"conflict": [
			{"id": 6881},
			{"id": 6882},
			{"id": 6883},
			{"id": 6888}
		],
		"stitch": [
			{"id": 6889},
			{"id": 6891}
		]
	},
	{
		"id": 6891,
		"color": 2,
		"conflict_degree":4,
		"stitch_degree":2,
		"conflict": [
			{"id": 6882},
			{"id": 6883},
			{"id": 6888},
			{"id": 6894}
		],
		"stitch": [
			{"id": 6890},
			{"id": 6892}
		]
	},
	{
		"id": 6892,
		"color": 2,
		"conflict_degree":4,
		"stitch_degree":1,
		"conflict": [
			{"id": 6893},
			{"id": 6894},
			{"id": 6906},
			{"id": 6908}
		],
		"stitch": [
			{"id": 6891}
		]
	},
	{
		"id": 6907,
		"color": 1,
		"conflict_degree":2,
		"stitch_degree":1,
		"conflict": [
			{"id": 6886},
			{"id": 6888}
		],
		"stitch": [
			{"id": 6908}
		]
	},
	{
		"id": 6908,
		"color": 1,
		"conflict_degree":3,
		"stitch_degree":1,
		"conflict": [
			{"id": 6886},
			{"id": 6888},
			{"id": 6892}
		],
		"stitch": [
			{"id": 6907}
		]
	},
	{
		"id": 8170,
		"color": 0,
		"conflict_degree":4,
		"stitch_degree":1,
		"conflict": [
			{"id": 8173},
			{"id": 8175},
			{"id": 8176},
			{"id": 8192}
		],
		"stitch": [
			{"id": 8171}
		]
	},
	{
		"id": 8171,
		"color": 0,
		"conflict_degree":5,
		"stitch_degree":1,
		"conflict": [
			{"id": 8172},
			{"id": 8173},
			{"id": 8175},
			{"id": 8190},
			{"id": 8192}
		],
		"stitch": [
			{"id": 8170}
		]
	},
	{
		"id": 8173,
		"color": 1,
		"conflict_degree":5,
		"stitch_degree":1,
		"conflict": [
			{"id": 8170},
			{"id": 8171},
			{"id": 8175},
			{"id": 8192},
			{"id": 8193}
		],
		"stitch": [
			{"id": 8174}
		]
	},
	{
		"id": 8174,
		"color": 1,
		"conflict_degree":6,
		"stitch_degree":1,
		"conflict": [
			{"id": 8175},
			{"id": 8176},
			{"id": 8178},
			{"id": 8179},
			{"id": 8192},
			{"id": 8193}
		],
		"stitch": [
			{"id": 8173}
		]
	},
	{
		"id": 8175,
		"color": 2,
		"conflict_degree":5,
		"stitch_degree":1,
		"conflict": [
			{"id": 8170},
			{"id": 8171},
			{"id": 8173},
			{"id": 8174},
			{"id": 8195}
		],
		"stitch": [
			{"id": 8176}
		]
	},
	{
		"id": 8176,
		"color": 2,
		"conflict_degree":6,
		"stitch_degree":4,
		"conflict": [
			{"id": 8170},
			{"id": 8174},
			{"id": 8180},
			{"id": 8189},
			{"id": 8194},
			{"id": 8195}
		],
		"stitch": [
			{"id": 8175},
			{"id": 8177},
			{"id": 8178},
			{"id": 8179}
		]
	},
	{
		"id": 8177,
		"color": 2,
		"conflict_degree":3,
		"stitch_degree":1,
		"conflict": [
			{"id": 8180},
			{"id": 8189},
			{"id": 8194}
		],
		"stitch": [
			{"id": 8176}
		]
	},
	{
		"id": 8178,
		"color": 2,
		"conflict_degree":5,
		"stitch_degree":1,
		"conflict": [
			{"id": 8174},
			{"id": 8187},
			{"id": 8188},
			{"id": 8191},
			{"id": 8194}
		],
		"stitch": [
			{"id": 8176}
		]
	},
	{
		"id": 8179,
		"color": 2,
		"conflict_degree":3,
		"stitch_degree":1,
		"conflict": [
			{"id": 8174},
			{"id": 8194},
			{"id": 8195}
		],
		"stitch": [
			{"id": 8176}
		]
	},
	{
		"id": 8190,
		"color": 1,
		"conflict_degree":3,
		"stitch_degree":1,
		"conflict": [
			{"id": 8171},
			{"id": 8192},
			{"id": 8193}
		],
		"stitch": [
			{"id": 8191}
		]
	},
	{
		"id": 8191,
		"color": 1,
		"conflict_degree":3,
		"stitch_degree":1,
		"conflict": [
			{"id": 8178},
			{"id": 8192},
			{"id": 8193}
		],
		"stitch": [
			{"id": 8190}
		]
	},
	{
		"id": 8192,
		"color": 2,
		"conflict_degree":6,
		"stitch_degree":1,
		"conflict": [
			{"id": 8170},
			{"id": 8171},
			{"id": 8173},
			{"id": 8174},
			{"id": 8190},
			{"id": 8191}
		],
		"stitch": [
			{"id": 8193}
		]
	},
	{
		"id": 8193,
		"color": 2,
		"conflict_degree":4,
		"stitch_degree":1,
		"conflict": [
			{"id": 8173},
			{"id": 8174},
			{"id": 8190},
			{"id": 8191}
		],
		"stitch": [
			{"id": 8192}
		]
	},
	{
		"id": 9153,
		"color": 0,
		"conflict_degree":4,
		"stitch_degree":1,
		"conflict": [
			{"id": 9152},
			{"id": 9158},
			{"id": 9159},
			{"id": 9163}
		],
		"stitch": [
			{"id": 9154}
		]
	},
	{
		"id": 9154,
		"color": 0,
		"conflict_degree":4,
		"stitch_degree":4,
		"conflict": [
			{"id": 9158},
			{"id": 9166},
			{"id": 9208},
			{"id": 9209}
		],
		"stitch": [
			{"id": 9153},
			{"id": 9155},
			{"id": 9156},
			{"id": 9157}
		]
	},
	{
		"id": 9155,
		"color": 0,
		"conflict_degree":5,
		"stitch_degree":1,
		"conflict": [
			{"id": 9163},
			{"id": 9164},
			{"id": 9165},
			{"id": 9166},
			{"id": 9209}
		],
		"stitch": [
			{"id": 9154}
		]
	},
	{
		"id": 9156,
		"color": 0,
		"conflict_degree":2,
		"stitch_degree":1,
		"conflict": [
			{"id": 9158},
			{"id": 9209}
		],
		"stitch": [
			{"id": 9154}
		]
	},
	{
		"id": 9157,
		"color": 0,
		"conflict_degree":2,
		"stitch_degree":1,
		"conflict": [
			{"id": 9158},
			{"id": 9208}
		],
		"stitch": [
			{"id": 9154}
		]
	},
	{
		"id": 9159,
		"color": 2,
		"conflict_degree":3,
		"stitch_degree":1,
		"conflict": [
			{"id": 9153},
			{"id": 9161},
			{"id": 9162}
		],
		"stitch": [
			{"id": 9160}
		]
	},
	{
		"id": 9160,
		"color": 2,
		"conflict_degree":3,
		"stitch_degree":1,
		"conflict": [
			{"id": 9161},
			{"id": 9162},
			{"id": 9165}
		],
		"stitch": [
			{"id": 9159}
		]
	},
	{
		"id": 9161,
		"color": 0,
		"conflict_degree":4,
		"stitch_degree":1,
		"conflict": [
			{"id": 9159},
			{"id": 9160},
			{"id": 9163},
			{"id": 9164}
		],
		"stitch": [
			{"id": 9162}
		]
	},
	{
		"id": 9162,
		"color": 0,
		"conflict_degree":6,
		"stitch_degree":1,
		"conflict": [
			{"id": 9159},
			{"id": 9160},
			{"id": 9163},
			{"id": 9164},
			{"id": 9165},
			{"id": 9166}
		],
		"stitch": [
			{"id": 9161}
		]
	},
	{
		"id": 9163,
		"color": 2,
		"conflict_degree":4,
		"stitch_degree":1,
		"conflict": [
			{"id": 9153},
			{"id": 9155},
			{"id": 9161},
			{"id": 9162}
		],
		"stitch": [
			{"id": 9164}
		]
	},
	{
		"id": 9164,
		"color": 2,
		"conflict_degree":5,
		"stitch_degree":1,
		"conflict": [
			{"id": 9155},
			{"id": 9161},
			{"id": 9162},
			{"id": 9165},
			{"id": 9166}
		],
		"stitch": [
			{"id": 9163}
		]
	},
	{
		"id": 9165,
		"color": 1,
		"conflict_degree":6,
		"stitch_degree":1,
		"conflict": [
			{"id": 9155},
			{"id": 9160},
			{"id": 9162},
			{"id": 9164},
			{"id": 9167},
			{"id": 9207}
		],
		"stitch": [
			{"id": 9166}
		]
	},
	{
		"id": 9166,
		"color": 1,
		"conflict_degree":5,
		"stitch_degree":1,
		"conflict": [
			{"id": 9154},
			{"id": 9155},
			{"id": 9162},
			{"id": 9164},
			{"id": 9167}
		],
		"stitch": [
			{"id": 9165}
		]
	},
	{
		"id": 9552,
		"color": 2,
		"conflict_degree":1,
		"stitch_degree":1,
		"conflict": [
			{"id": 9550}
		],
		"stitch": [
			{"id": 9553}
		]
	},
	{
		"id": 9553,
		"color": 2,
		"conflict_degree":7,
		"stitch_degree":3,
		"conflict": [
			{"id": 9551},
			{"id": 9582},
			{"id": 9583},
			{"id": 9585},
			{"id": 9589},
			{"id": 9590},
			{"id": 9591}
		],
		"stitch": [
			{"id": 9552},
			{"id": 9554},
			{"id": 9556}
		]
	},
	{
		"id": 9554,
		"color": 2,
		"conflict_degree":5,
		"stitch_degree":2,
		"conflict": [
			{"id": 9560},
			{"id": 9561},
			{"id": 9586},
			{"id": 9587},
			{"id": 9591}
		],
		"stitch": [
			{"id": 9553},
			{"id": 9555}
		]
	},
	{
		"id": 9555,
		"color": 2,
		"conflict_degree":4,
		"stitch_degree":1,
		"conflict": [
			{"id": 9560},
			{"id": 9561},
			{"id": 9586},
			{"id": 9587}
		],
		"stitch": [
			{"id": 9554}
		]
	},
	{
		"id": 9556,
		"color": 2,
		"conflict_degree":5,
		"stitch_degree":2,
		"conflict": [
			{"id": 9551},
			{"id": 9582},
			{"id": 9583},
			{"id": 9588},
			{"id": 9589}
		],
		"stitch": [
			{"id": 9553},
			{"id": 9557}
		]
	},
	{
		"id": 9557,
		"color": 2,
		"conflict_degree":2,
		"stitch_degree":1,
		"conflict": [
			{"id": 9588},
			{"id": 9589}
		],
		"stitch": [
			{"id": 9556}
		]
	},
	{
		"id": 9558,
		"color": 0,
		"conflict_degree":2,
		"stitch_degree":1,
		"conflict": [
			{"id": 9581},
			{"id": 9588}
		],
		"stitch": [
			{"id": 9559}
		]
	},
	{
		"id": 9559,
		"color": 0,
		"conflict_degree":5,
		"stitch_degree":2,
		"conflict": [
			{"id": 9562},
			{"id": 9580},
			{"id": 9581},
			{"id": 9584},
			{"id": 9587}
		],
		"stitch": [
			{"id": 9558},
			{"id": 9560}
		]
	},
	{
		"id": 9560,
		"color": 0,
		"conflict_degree":5,
		"stitch_degree":2,
		"conflict": [
			{"id": 9554},
			{"id": 9555},
			{"id": 9562},
			{"id": 9580},
			{"id": 9587}
		],
		"stitch": [
			{"id": 9559},
			{"id": 9561}
		]
	},
	{
		"id": 9561,
		"color": 0,
		"conflict_degree":4,
		"stitch_degree":1,
		"conflict": [
			{"id": 9554},
			{"id": 9555},
			{"id": 9580},
			{"id": 9587}
		],
		"stitch": [
			{"id": 9560}
		]
	},
	{
		"id": 9582,
		"color": 1,
		"conflict_degree":3,
		"stitch_degree":1,
		"conflict": [
			{"id": 9553},
			{"id": 9556},
			{"id": 9585}
		],
		"stitch": [
			{"id": 9583}
		]
	},
	{
		"id": 9583,
		"color": 1,
		"conflict_degree":3,
		"stitch_degree":2,
		"conflict": [
			{"id": 9553},
			{"id": 9556},
			{"id": 9585}
		],
		"stitch": [
			{"id": 9582},
			{"id": 9584}
		]
	},
	{
		"id": 9584,
		"color": 1,
		"conflict_degree":2,
		"stitch_degree":1,
		"conflict": [
			{"id": 9559},
			{"id": 9585}
		],
		"stitch": [
			{"id": 9583}
		]
	},
	{
		"id": 9585,
		"color": 0,
		"conflict_degree":6,
		"stitch_degree":0,
		"conflict": [
			{"id": 9553},
			{"id": 9582},
			{"id": 9583},
			{"id": 9584},
			{"id": 9586},
			{"id": 9587}
		],
		"stitch": []
	},
	{
		"id": 9586,
		"color": 1,
		"conflict_degree":3,
		"stitch_degree":1,
		"conflict": [
			{"id": 9554},
			{"id": 9555},
			{"id": 9585}
		],
		"stitch": [
			{"id": 9587}
		]
	},
	{
		"id": 9587,
		"color": 1,
		"conflict_degree":6,
		"stitch_degree":1,
		"conflict": [
			{"id": 9554},
			{"id": 9555},
			{"id": 9559},
			{"id": 9560},
			{"id": 9561},
			{"id": 9585}
		],
		"stitch": [
			{"id": 9586}
		]
	},
	{
		"id": 10349,
		"color": 2,
		"conflict_degree":4,
		"stitch_degree":1,
		"conflict": [
			{"id": 10347},
			{"id": 10353},
			{"id": 10354},
			{"id": 10364}
		],
		"stitch": [
			{"id": 10350}
		]
	},
	{
		"id": 10350,
		"color": 2,
		"conflict_degree":3,
		"stitch_degree":2,
		"conflict": [
			{"id": 10353},
			{"id": 10354},
			{"id": 10364}
		],
		"stitch": [
			{"id": 10349},
			{"id": 10351}
		]
	},
	{
		"id": 10351,
		"color": 2,
		"conflict_degree":4,
		"stitch_degree":2,
		"conflict": [
			{"id": 10354},
			{"id": 10355},
			{"id": 10358},
			{"id": 10363}
		],
		"stitch": [
			{"id": 10350},
			{"id": 10352}
		]
	},
	{
		"id": 10352,
		"color": 2,
		"conflict_degree":3,
		"stitch_degree":1,
		"conflict": [
			{"id": 10355},
			{"id": 10358},
			{"id": 10363}
		],
		"stitch": [
			{"id": 10351}
		]
	},
	{
		"id": 10353,
		"color": 0,
		"conflict_degree":3,
		"stitch_degree":1,
		"conflict": [
			{"id": 10347},
			{"id": 10349},
			{"id": 10350}
		],
		"stitch": [
			{"id": 10354}
		]
	},
	{
		"id": 10354,
		"color": 0,
		"conflict_degree":5,
		"stitch_degree":1,
		"conflict": [
			{"id": 10349},
			{"id": 10350},
			{"id": 10351},
			{"id": 10355},
			{"id": 10356}
		],
		"stitch": [
			{"id": 10353}
		]
	},
	{
		"id": 10355,
		"color": 1,
		"conflict_degree":6,
		"stitch_degree":0,
		"conflict": [
			{"id": 10351},
			{"id": 10352},
			{"id": 10354},
			{"id": 10356},
			{"id": 10357},
			{"id": 10358}
		],
		"stitch": []
	},
	{
		"id": 10356,
		"color": 2,
		"conflict_degree":2,
		"stitch_degree":1,
		"conflict": [
			{"id": 10354},
			{"id": 10355}
		],
		"stitch": [
			{"id": 10357}
		]
	},
	{
		"id": 10357,
		"color": 2,
		"conflict_degree":3,
		"stitch_degree":2,
		"conflict": [
			{"id": 10355},
			{"id": 10360},
			{"id": 10362}
		],
		"stitch": [
			{"id": 10356},
			{"id": 10358}
		]
	},
	{
		"id": 10358,
		"color": 0,
		"conflict_degree":6,
		"stitch_degree":1,
		"conflict": [
			{"id": 10351},
			{"id": 10352},
			{"id": 10355},
			{"id": 10359},
			{"id": 10362},
			{"id": 10363}
		],
		"stitch": [
			{"id": 10357}
		]
	},
	{
		"id": 10791,
		"color": 0,
		"conflict_degree":6,
		"stitch_degree":0,
		"conflict": [
			{"id": 10792},
			{"id": 10793},
			{"id": 10797},
			{"id": 10798},
			{"id": 10799},
			{"id": 10832}
		],
		"stitch": []
	},
	{
		"id": 10793,
		"color": 2,
		"conflict_degree":2,
		"stitch_degree":1,
		"conflict": [
			{"id": 10791},
			{"id": 10797}
		],
		"stitch": [
			{"id": 10794}
		]
	},
	{
		"id": 10794,
		"color": 2,
		"conflict_degree":2,
		"stitch_degree":2,
		"conflict": [
			{"id": 10797},
			{"id": 10801}
		],
		"stitch": [
			{"id": 10793},
			{"id": 10795}
		]
	},
	{
		"id": 10795,
		"color": 2,
		"conflict_degree":1,
		"stitch_degree":2,
		"conflict": [
			{"id": 10801}
		],
		"stitch": [
			{"id": 10794},
			{"id": 10796}
		]
	},
	{
		"id": 10796,
		"color": 1,
		"conflict_degree":3,
		"stitch_degree":1,
		"conflict": [
			{"id": 10799},
			{"id": 10800},
			{"id": 10801}
		],
		"stitch": [
			{"id": 10795}
		]
	},
	{
		"id": 10797,
		"color": 1,
		"conflict_degree":5,
		"stitch_degree":0,
		"conflict": [
			{"id": 10791},
			{"id": 10793},
			{"id": 10794},
			{"id": 10798},
			{"id": 10799}
		],
		"stitch": []
	},
	{
		"id": 10798,
		"color": 2,
		"conflict_degree":3,
		"stitch_degree":1,
		"conflict": [
			{"id": 10791},
			{"id": 10797},
			{"id": 10832}
		],
		"stitch": [
			{"id": 10799}
		]
	},
	{
		"id": 10799,
		"color": 2,
		"conflict_degree":5,
		"stitch_degree":2,
		"conflict": [
			{"id": 10791},
			{"id": 10796},
			{"id": 10797},
			{"id": 10831},
			{"id": 10832}
		],
		"stitch": [
			{"id": 10798},
			{"id": 10800}
		]
	},
	{
		"id": 10800,
		"color": 2,
		"conflict_degree":3,
		"stitch_degree":1,
		"conflict": [
			{"id": 10796},
			{"id": 10801},
			{"id": 10831}
		],
		"stitch": [
			{"id": 10799}
		]
	},
	{
		"id": 11271,
		"color": 1,
		"conflict_degree":4,
		"stitch_degree":1,
		"conflict": [
			{"id": 11280},
			{"id": 11281},
			{"id": 11282},
			{"id": 11303}
		],
		"stitch": [
			{"id": 11272}
		]
	},
	{
		"id": 11272,
		"color": 0,
		"conflict_degree":5,
		"stitch_degree":2,
		"conflict": [
			{"id": 11277},
			{"id": 11278},
			{"id": 11279},
			{"id": 11280},
			{"id": 11303}
		],
		"stitch": [
			{"id": 11271},
			{"id": 11273}
		]
	},
	{
		"id": 11273,
		"color": 0,
		"conflict_degree":4,
		"stitch_degree":2,
		"conflict": [
			{"id": 11280},
			{"id": 11301},
			{"id": 11302},
			{"id": 11303}
		],
		"stitch": [
			{"id": 11272},
			{"id": 11274}
		]
	},
	{
		"id": 11274,
		"color": 0,
		"conflict_degree":3,
		"stitch_degree":2,
		"conflict": [
			{"id": 11276},
			{"id": 11301},
			{"id": 11302}
		],
		"stitch": [
			{"id": 11273},
			{"id": 11275}
		]
	},
	{
		"id": 11275,
		"color": 0,
		"conflict_degree":1,
		"stitch_degree":1,
		"conflict": [
			{"id": 11301}
		],
		"stitch": [
			{"id": 11274}
		]
	},
	{
		"id": 11277,
		"color": 1,
		"conflict_degree":5,
		"stitch_degree":1,
		"conflict": [
			{"id": 11272},
			{"id": 11280},
			{"id": 11281},
			{"id": 11282},
			{"id": 11283}
		],
		"stitch": [
			{"id": 11278}
		]
	},
	{
		"id": 11278,
		"color": 1,
		"conflict_degree":3,
		"stitch_degree":2,
		"conflict": [
			{"id": 11272},
			{"id": 11282},
			{"id": 11283}
		],
		"stitch": [
			{"id": 11277},
			{"id": 11279}
		]
	},
	{
		"id": 11279,
		"color": 1,
		"conflict_degree":4,
		"stitch_degree":1,
		"conflict": [
			{"id": 11272},
			{"id": 11276},
			{"id": 11283},
			{"id": 11284}
		],
		"stitch": [
			{"id": 11278}
		]
	},
	{
		"id": 11280,
		"color": 2,
		"conflict_degree":6,
		"stitch_degree":0,
		"conflict": [
			{"id": 11271},
			{"id": 11272},
			{"id": 11273},
			{"id": 11277},
			{"id": 11281},
			{"id": 11282}
		],
		"stitch": []
	},
	{
		"id": 11281,
		"color": 0,
		"conflict_degree":3,
		"stitch_degree":1,
		"conflict": [
			{"id": 11271},
			{"id": 11277},
			{"id": 11280}
		],
		"stitch": [
			{"id": 11282}
		]
	},
	{
		"id": 11282,
		"color": 0,
		"conflict_degree":5,
		"stitch_degree":1,
		"conflict": [
			{"id": 11271},
			{"id": 11277},
			{"id": 11278},
			{"id": 11280},
			{"id": 11283}
		],
		"stitch": [
			{"id": 11281}
		]
	},
	{
		"id": 11831,
		"color": 0,
		"conflict_degree":4,
		"stitch_degree":1,
		"conflict": [
			{"id": 11830},
			{"id": 11841},
			{"id": 11845},
			{"id": 11846}
		],
		"stitch": [
			{"id": 11832}
		]
	},
	{
		"id": 11832,
		"color": 0,
		"conflict_degree":3,
		"stitch_degree":1,
		"conflict": [
			{"id": 11830},
			{"id": 11833},
			{"id": 11840}
		],
		"stitch": [
			{"id": 11831}
		]
	},
	{
		"id": 11833,
		"color": 1,
		"conflict_degree":3,
		"stitch_degree":1,
		"conflict": [
			{"id": 11832},
			{"id": 11843},
			{"id": 11844}
		],
		"stitch": [
			{"id": 11834}
		]
	},
	{
		"id": 11834,
		"color": 1,
		"conflict_degree":3,
		"stitch_degree":1,
		"conflict": [
			{"id": 11837},
			{"id": 11839},
			{"id": 11843}
		],
		"stitch": [
			{"id": 11833}
		]
	},
	{
		"id": 11835,
		"color": 2,
		"conflict_degree":3,
		"stitch_degree":1,
		"conflict": [
			{"id": 11838},
			{"id": 11841},
			{"id": 11842}
		],
		"stitch": [
			{"id": 11836}
		]
	},
	{
		"id": 11836,
		"color": 2,
		"conflict_degree":4,
		"stitch_degree":2,
		"conflict": [
			{"id": 11838},
			{"id": 11839},
			{"id": 11841},
			{"id": 11842}
		],
		"stitch": [
			{"id": 11835},
			{"id": 11837}
		]
	},
	{
		"id": 11837,
		"color": 2,
		"conflict_degree":4,
		"stitch_degree":1,
		"conflict": [
			{"id": 11834},
			{"id": 11838},
			{"id": 11839},
			{"id": 11842}
		],
		"stitch": [
			{"id": 11836}
		]
	},
	{
		"id": 11839,
		"color": 0,
		"conflict_degree":5,
		"stitch_degree":0,
		"conflict": [
			{"id": 11834},
			{"id": 11836},
			{"id": 11837},
			{"id": 11840},
			{"id": 11842}
		],
		"stitch": []
	},
	{
		"id": 11840,
		"color": 2,
		"conflict_degree":4,
		"stitch_degree":0,
		"conflict": [
			{"id": 11832},
			{"id": 11839},
			{"id": 11841},
			{"id": 11842}
		],
		"stitch": []
	},
	{
		"id": 11841,
		"color": 1,
		"conflict_degree":4,
		"stitch_degree":1,
		"conflict": [
			{"id": 11831},
			{"id": 11835},
			{"id": 11836},
			{"id": 11840}
		],
		"stitch": [
			{"id": 11842}
		]
	},
	{
		"id": 11842,
		"color": 1,
		"conflict_degree":5,
		"stitch_degree":1,
		"conflict": [
			{"id": 11835},
			{"id": 11836},
			{"id": 11837},
			{"id": 11839},
			{"id": 11840}
		],
		"stitch": [
			{"id": 11841}
		]
	},
	{
		"id": 12223,
		"color": 0,
		"conflict_degree":3,
		"stitch_degree":1,
		"conflict": [
			{"id": 12222},
			{"id": 12234},
			{"id": 12235}
		],
		"stitch": [
			{"id": 12224}
		]
	},
	{
		"id": 12224,
		"color": 0,
		"conflict_degree":7,
		"stitch_degree":1,
		"conflict": [
			{"id": 12222},
			{"id": 12225},
			{"id": 12226},
			{"id": 12227},
			{"id": 12234},
			{"id": 12235},
			{"id": 12236}
		],
		"stitch": [
			{"id": 12223}
		]
	},
	{
		"id": 12225,
		"color": 1,
		"conflict_degree":6,
		"stitch_degree":0,
		"conflict": [
			{"id": 12224},
			{"id": 12226},
			{"id": 12227},
			{"id": 12228},
			{"id": 12235},
			{"id": 12236}
		],
		"stitch": []
	},
	{
		"id": 12226,
		"color": 2,
		"conflict_degree":2,
		"stitch_degree":1,
		"conflict": [
			{"id": 12224},
			{"id": 12225}
		],
		"stitch": [
			{"id": 12227}
		]
	},
	{
		"id": 12227,
		"color": 2,
		"conflict_degree":4,
		"stitch_degree":2,
		"conflict": [
			{"id": 12224},
			{"id": 12225},
			{"id": 12229},
			{"id": 12230}
		],
		"stitch": [
			{"id": 12226},
			{"id": 12228}
		]
	},
	{
		"id": 12228,
		"color": 0,
		"conflict_degree":6,
		"stitch_degree":1,
		"conflict": [
			{"id": 12225},
			{"id": 12229},
			{"id": 12232},
			{"id": 12233},
			{"id": 12235},
			{"id": 12236}
		],
		"stitch": [
			{"id": 12227}
		]
	},
	{
		"id": 12234,
		"color": 2,
		"conflict_degree":4,
		"stitch_degree":1,
		"conflict": [
			{"id": 12222},
			{"id": 12223},
			{"id": 12224},
			{"id": 12237}
		],
		"stitch": [
			{"id": 12235}
		]
	},
	{
		"id": 12235,
		"color": 2,
		"conflict_degree":6,
		"stitch_degree":2,
		"conflict": [
			{"id": 12223},
			{"id": 12224},
			{"id": 12225},
			{"id": 12228},
			{"id": 12233},
			{"id": 12237}
		],
		"stitch": [
			{"id": 12234},
			{"id": 12236}
		]
	},
	{
		"id": 12236,
		"color": 2,
		"conflict_degree":4,
		"stitch_degree":1,
		"conflict": [
			{"id": 12224},
			{"id": 12225},
			{"id": 12228},
			{"id": 12233}
		],
		"stitch": [
			{"id": 12235}
		]
	},
	{
		"id": 12447,
		"color": 2,
		"conflict_degree":5,
		"stitch_degree":1,
		"conflict": [
			{"id": 12446},
			{"id": 12454},
			{"id": 12456},
			{"id": 12459},
			{"id": 12460}
		],
		"stitch": [
			{"id": 12448}
		]
	},
	{
		"id": 12448,
		"color": 2,
		"conflict_degree":4,
		"stitch_degree":2,
		"conflict": [
			{"id": 12453},
			{"id": 12456},
			{"id": 12457},
			{"id": 12458}
		],
		"stitch": [
			{"id": 12447},
			{"id": 12449}
		]
	},
	{
		"id": 12449,
		"color": 2,
		"conflict_degree":4,
		"stitch_degree":1,
		"conflict": [
			{"id": 12450},
			{"id": 12453},
			{"id": 12457},
			{"id": 12458}
		],
		"stitch": [
			{"id": 12448}
		]
	},
	{
		"id": 12453,
		"color": 1,
		"conflict_degree":5,
		"stitch_degree":0,
		"conflict": [
			{"id": 12448},
			{"id": 12449},
			{"id": 12450},
			{"id": 12455},
			{"id": 12457}
		],
		"stitch": []
	},
	{
		"id": 12454,
		"color": 1,
		"conflict_degree":3,
		"stitch_degree":1,
		"conflict": [
			{"id": 12447},
			{"id": 12456},
			{"id": 12457}
		],
		"stitch": [
			{"id": 12455}
		]
	},
	{
		"id": 12455,
		"color": 2,
		"conflict_degree":3,
		"stitch_degree":1,
		"conflict": [
			{"id": 12453},
			{"id": 12456},
			{"id": 12457}
		],
		"stitch": [
			{"id": 12454}
		]
	},
	{
		"id": 12456,
		"color": 0,
		"conflict_degree":4,
		"stitch_degree":1,
		"conflict": [
			{"id": 12447},
			{"id": 12448},
			{"id": 12454},
			{"id": 12455}
		],
		"stitch": [
			{"id": 12457}
		]
	},
	{
		"id": 12457,
		"color": 0,
		"conflict_degree":5,
		"stitch_degree":1,
		"conflict": [
			{"id": 12448},
			{"id": 12449},
			{"id": 12453},
			{"id": 12454},
			{"id": 12455}
		],
		"stitch": [
			{"id": 12456}
		]
	},
	{
		"id": 13621,
		"color": 0,
		"conflict_degree":2,
		"stitch_degree":2,
		"conflict": [
			{"id": 13627},
			{"id": 13634}
		],
		"stitch": [
			{"id": 13622},
			{"id": 13623}
		]
	},
	{
		"id": 13622,
		"color": 0,
		"conflict_degree":1,
		"stitch_degree":1,
		"conflict": [
			{"id": 13634}
		],
		"stitch": [
			{"id": 13621}
		]
	},
	{
		"id": 13623,
		"color": 0,
		"conflict_degree":6,
		"stitch_degree":3,
		"conflict": [
			{"id": 13627},
			{"id": 13630},
			{"id": 13631},
			{"id": 13632},
			{"id": 13633},
			{"id": 13636}
		],
		"stitch": [
			{"id": 13621},
			{"id": 13624},
			{"id": 13625}
		]
	},
	{
		"id": 13624,
		"color": 0,
		"conflict_degree":1,
		"stitch_degree":1,
		"conflict": [
			{"id": 13629}
		],
		"stitch": [
			{"id": 13623}
		]
	},
	{
		"id": 13625,
		"color": 0,
		"conflict_degree":6,
		"stitch_degree":2,
		"conflict": [
			{"id": 13620},
			{"id": 13630},
			{"id": 13631},
			{"id": 13632},
			{"id": 13633},
			{"id": 13636}
		],
		"stitch": [
			{"id": 13623},
			{"id": 13626}
		]
	},
	{
		"id": 13626,
		"color": 0,
		"conflict_degree":2,
		"stitch_degree":1,
		"conflict": [
			{"id": 13620},
			{"id": 13636}
		],
		"stitch": [
			{"id": 13625}
		]
	},
	{
		"id": 13628,
		"color": 0,
		"conflict_degree":3,
		"stitch_degree":1,
		"conflict": [
			{"id": 13630},
			{"id": 13631},
			{"id": 13632}
		],
		"stitch": [
			{"id": 13629}
		]
	},
	{
		"id": 13629,
		"color": 2,
		"conflict_degree":3,
		"stitch_degree":1,
		"conflict": [
			{"id": 13624},
			{"id": 13627},
			{"id": 13631}
		],
		"stitch": [
			{"id": 13628}
		]
	},
	{
		"id": 13630,
		"color": 1,
		"conflict_degree":4,
		"stitch_degree":1,
		"conflict": [
			{"id": 13623},
			{"id": 13625},
			{"id": 13628},
			{"id": 13632}
		],
		"stitch": [
			{"id": 13631}
		]
	},
	{
		"id": 13631,
		"color": 1,
		"conflict_degree":4,
		"stitch_degree":1,
		"conflict": [
			{"id": 13623},
			{"id": 13625},
			{"id": 13628},
			{"id": 13629}
		],
		"stitch": [
			{"id": 13630}
		]
	},
	{
		"id": 13632,
		"color": 2,
		"conflict_degree":4,
		"stitch_degree":0,
		"conflict": [
			{"id": 13623},
			{"id": 13625},
			{"id": 13628},
			{"id": 13630}
		],
		"stitch": []
	}
]