[
	{
		"id": 26,
		"color": 2,
		"conflict_degree":5,
		"stitch_degree":2,
		"conflict": [
			{"id": 23},
			{"id": 33},
			{"id": 91},
			{"id": 94},
			{"id": 95}
		],
		"stitch": [
			{"id": 27},
			{"id": 29}
		]
	},
	{
		"id": 27,
		"color": 2,
		"conflict_degree":4,
		"stitch_degree":2,
		"conflict": [
			{"id": 33},
			{"id": 90},
			{"id": 91},
			{"id": 94}
		],
		"stitch": [
			{"id": 26},
			{"id": 28}
		]
	},
	{
		"id": 28,
		"color": 2,
		"conflict_degree":1,
		"stitch_degree":1,
		"conflict": [
			{"id": 94}
		],
		"stitch": [
			{"id": 27}
		]
	},
	{
		"id": 29,
		"color": 2,
		"conflict_degree":6,
		"stitch_degree":2,
		"conflict": [
			{"id": 23},
			{"id": 31},
			{"id": 91},
			{"id": 92},
			{"id": 93},
			{"id": 94}
		],
		"stitch": [
			{"id": 26},
			{"id": 30}
		]
	},
	{
		"id": 30,
		"color": 2,
		"conflict_degree":4,
		"stitch_degree":1,
		"conflict": [
			{"id": 31},
			{"id": 91},
			{"id": 92},
			{"id": 93}
		],
		"stitch": [
			{"id": 29}
		]
	},
	{
		"id": 31,
		"color": 0,
		"conflict_degree":4,
		"stitch_degree":0,
		"conflict": [
			{"id": 29},
			{"id": 30},
			{"id": 32},
			{"id": 92}
		],
		"stitch": []
	},
	{
		"id": 32,
		"color": 2,
		"conflict_degree":3,
		"stitch_degree":0,
		"conflict": [
			{"id": 31},
			{"id": 35},
			{"id": 92}
		],
		"stitch": []
	},
	{
		"id": 33,
		"color": 0,
		"conflict_degree":4,
		"stitch_degree":2,
		"conflict": [
			{"id": 26},
			{"id": 27},
			{"id": 88},
			{"id": 91}
		],
		"stitch": [
			{"id": 35},
			{"id": 34}
		]
	},
	{
		"id": 34,
		"color": 0,
		"conflict_degree":6,
		"stitch_degree":1,
		"conflict": [
			{"id": 36},
			{"id": 40},
			{"id": 41},
			{"id": 42},
			{"id": 87},
			{"id": 88}
		],
		"stitch": [
			{"id": 33}
		]
	},
	{
		"id": 35,
		"color": 0,
		"conflict_degree":4,
		"stitch_degree":1,
		"conflict": [
			{"id": 32},
			{"id": 39},
			{"id": 89},
			{"id": 90}
		],
		"stitch": [
			{"id": 33}
		]
	},
	{
		"id": 91,
		"color": 1,
		"conflict_degree":5,
		"stitch_degree":1,
		"conflict": [
			{"id": 26},
			{"id": 27},
			{"id": 29},
			{"id": 30},
			{"id": 33}
		],
		"stitch": [
			{"id": 92}
		]
	},
	{
		"id": 92,
		"color": 1,
		"conflict_degree":4,
		"stitch_degree":1,
		"conflict": [
			{"id": 29},
			{"id": 30},
			{"id": 31},
			{"id": 32}
		],
		"stitch": [
			{"id": 91}
		]
	},
	{
		"id": 247,
		"color": 2,
		"conflict_degree":5,
		"stitch_degree":2,
		"conflict": [
			{"id": 246},
			{"id": 252},
			{"id": 278},
			{"id": 279},
			{"id": 281}
		],
		"stitch": [
			{"id": 248},
			{"id": 250}
		]
	},
	{
		"id": 248,
		"color": 2,
		"conflict_degree":4,
		"stitch_degree":2,
		"conflict": [
			{"id": 252},
			{"id": 269},
			{"id": 278},
			{"id": 279}
		],
		"stitch": [
			{"id": 247},
			{"id": 249}
		]
	},
	{
		"id": 249,
		"color": 2,
		"conflict_degree":1,
		"stitch_degree":1,
		"conflict": [
			{"id": 279}
		],
		"stitch": [
			{"id": 248}
		]
	},
	{
		"id": 250,
		"color": 2,
		"conflict_degree":6,
		"stitch_degree":2,
		"conflict": [
			{"id": 246},
			{"id": 276},
			{"id": 277},
			{"id": 278},
			{"id": 279},
			{"id": 280}
		],
		"stitch": [
			{"id": 247},
			{"id": 251}
		]
	},
	{
		"id": 251,
		"color": 2,
		"conflict_degree":4,
		"stitch_degree":1,
		"conflict": [
			{"id": 276},
			{"id": 277},
			{"id": 278},
			{"id": 280}
		],
		"stitch": [
			{"id": 250}
		]
	},
	{
		"id": 252,
		"color": 0,
		"conflict_degree":4,
		"stitch_degree":2,
		"conflict": [
			{"id": 247},
			{"id": 248},
			{"id": 267},
			{"id": 278}
		],
		"stitch": [
			{"id": 253},
			{"id": 254}
		]
	},
	{
		"id": 253,
		"color": 0,
		"conflict_degree":4,
		"stitch_degree":1,
		"conflict": [
			{"id": 268},
			{"id": 269},
			{"id": 270},
			{"id": 275}
		],
		"stitch": [
			{"id": 252}
		]
	},
	{
		"id": 254,
		"color": 0,
		"conflict_degree":6,
		"stitch_degree":1,
		"conflict": [
			{"id": 255},
			{"id": 265},
			{"id": 266},
			{"id": 267},
			{"id": 272},
			{"id": 273}
		],
		"stitch": [
			{"id": 252}
		]
	},
	{
		"id": 275,
		"color": 2,
		"conflict_degree":3,
		"stitch_degree":0,
		"conflict": [
			{"id": 253},
			{"id": 276},
			{"id": 277}
		],
		"stitch": []
	},
	{
		"id": 276,
		"color": 0,
		"conflict_degree":4,
		"stitch_degree":0,
		"conflict": [
			{"id": 250},
			{"id": 251},
			{"id": 275},
			{"id": 277}
		],
		"stitch": []
	},
	{
		"id": 277,
		"color": 1,
		"conflict_degree":4,
		"stitch_degree":1,
		"conflict": [
			{"id": 250},
			{"id": 251},
			{"id": 275},
			{"id": 276}
		],
		"stitch": [
			{"id": 278}
		]
	},
	{
		"id": 278,
		"color": 1,
		"conflict_degree":5,
		"stitch_degree":1,
		"conflict": [
			{"id": 247},
			{"id": 248},
			{"id": 250},
			{"id": 251},
			{"id": 252}
		],
		"stitch": [
			{"id": 277}
		]
	},
	{
		"id": 286,
		"color": 2,
		"conflict_degree":5,
		"stitch_degree":2,
		"conflict": [
			{"id": 284},
			{"id": 293},
			{"id": 341},
			{"id": 344},
			{"id": 345}
		],
		"stitch": [
			{"id": 287},
			{"id": 289}
		]
	},
	{
		"id": 287,
		"color": 2,
		"conflict_degree":4,
		"stitch_degree":2,
		"conflict": [
			{"id": 293},
			{"id": 341},
			{"id": 343},
			{"id": 344}
		],
		"stitch": [
			{"id": 286},
			{"id": 288}
		]
	},
	{
		"id": 288,
		"color": 2,
		"conflict_degree":1,
		"stitch_degree":1,
		"conflict": [
			{"id": 344}
		],
		"stitch": [
			{"id": 287}
		]
	},
	{
		"id": 289,
		"color": 2,
		"conflict_degree":6,
		"stitch_degree":2,
		"conflict": [
			{"id": 284},
			{"id": 285},
			{"id": 291},
			{"id": 341},
			{"id": 342},
			{"id": 344}
		],
		"stitch": [
			{"id": 286},
			{"id": 290}
		]
	},
	{
		"id": 290,
		"color": 2,
		"conflict_degree":4,
		"stitch_degree":1,
		"conflict": [
			{"id": 285},
			{"id": 291},
			{"id": 341},
			{"id": 342}
		],
		"stitch": [
			{"id": 289}
		]
	},
	{
		"id": 291,
		"color": 0,
		"conflict_degree":4,
		"stitch_degree":0,
		"conflict": [
			{"id": 289},
			{"id": 290},
			{"id": 292},
			{"id": 342}
		],
		"stitch": []
	},
	{
		"id": 292,
		"color": 2,
		"conflict_degree":3,
		"stitch_degree":0,
		"conflict": [
			{"id": 291},
			{"id": 295},
			{"id": 342}
		],
		"stitch": []
	},
	{
		"id": 293,
		"color": 0,
		"conflict_degree":4,
		"stitch_degree":2,
		"conflict": [
			{"id": 286},
			{"id": 287},
			{"id": 339},
			{"id": 341}
		],
		"stitch": [
			{"id": 295},
			{"id": 294}
		]
	},
	{
		"id": 294,
		"color": 0,
		"conflict_degree":6,
		"stitch_degree":1,
		"conflict": [
			{"id": 296},
			{"id": 297},
			{"id": 328},
			{"id": 334},
			{"id": 335},
			{"id": 339}
		],
		"stitch": [
			{"id": 293}
		]
	},
	{
		"id": 295,
		"color": 0,
		"conflict_degree":4,
		"stitch_degree":1,
		"conflict": [
			{"id": 292},
			{"id": 338},
			{"id": 340},
			{"id": 343}
		],
		"stitch": [
			{"id": 293}
		]
	},
	{
		"id": 341,
		"color": 1,
		"conflict_degree":5,
		"stitch_degree":1,
		"conflict": [
			{"id": 286},
			{"id": 287},
			{"id": 289},
			{"id": 290},
			{"id": 293}
		],
		"stitch": [
			{"id": 342}
		]
	},
	{
		"id": 342,
		"color": 1,
		"conflict_degree":4,
		"stitch_degree":1,
		"conflict": [
			{"id": 289},
			{"id": 290},
			{"id": 291},
			{"id": 292}
		],
		"stitch": [
			{"id": 341}
		]
	},
	{
		"id": 349,
		"color": 1,
		"conflict_degree":5,
		"stitch_degree":2,
		"conflict": [
			{"id": 348},
			{"id": 354},
			{"id": 379},
			{"id": 381},
			{"id": 382}
		],
		"stitch": [
			{"id": 350},
			{"id": 352}
		]
	},
	{
		"id": 350,
		"color": 1,
		"conflict_degree":4,
		"stitch_degree":2,
		"conflict": [
			{"id": 354},
			{"id": 370},
			{"id": 379},
			{"id": 381}
		],
		"stitch": [
			{"id": 349},
			{"id": 351}
		]
	},
	{
		"id": 351,
		"color": 1,
		"conflict_degree":1,
		"stitch_degree":1,
		"conflict": [
			{"id": 381}
		],
		"stitch": [
			{"id": 350}
		]
	},
	{
		"id": 352,
		"color": 1,
		"conflict_degree":6,
		"stitch_degree":2,
		"conflict": [
			{"id": 348},
			{"id": 378},
			{"id": 379},
			{"id": 380},
			{"id": 381},
			{"id": 383}
		],
		"stitch": [
			{"id": 349},
			{"id": 353}
		]
	},
	{
		"id": 353,
		"color": 1,
		"conflict_degree":4,
		"stitch_degree":1,
		"conflict": [
			{"id": 378},
			{"id": 379},
			{"id": 380},
			{"id": 383}
		],
		"stitch": [
			{"id": 352}
		]
	},
	{
		"id": 354,
		"color": 0,
		"conflict_degree":4,
		"stitch_degree":2,
		"conflict": [
			{"id": 349},
			{"id": 350},
			{"id": 376},
			{"id": 379}
		],
		"stitch": [
			{"id": 355},
			{"id": 356}
		]
	},
	{
		"id": 355,
		"color": 0,
		"conflict_degree":4,
		"stitch_degree":1,
		"conflict": [
			{"id": 369},
			{"id": 370},
			{"id": 375},
			{"id": 377}
		],
		"stitch": [
			{"id": 354}
		]
	},
	{
		"id": 356,
		"color": 0,
		"conflict_degree":6,
		"stitch_degree":1,
		"conflict": [
			{"id": 357},
			{"id": 358},
			{"id": 367},
			{"id": 371},
			{"id": 373},
			{"id": 376}
		],
		"stitch": [
			{"id": 354}
		]
	},
	{
		"id": 377,
		"color": 1,
		"conflict_degree":3,
		"stitch_degree":0,
		"conflict": [
			{"id": 355},
			{"id": 378},
			{"id": 380}
		],
		"stitch": []
	},
	{
		"id": 378,
		"color": 2,
		"conflict_degree":4,
		"stitch_degree":1,
		"conflict": [
			{"id": 352},
			{"id": 353},
			{"id": 377},
			{"id": 380}
		],
		"stitch": [
			{"id": 379}
		]
	},
	{
		"id": 379,
		"color": 2,
		"conflict_degree":5,
		"stitch_degree":1,
		"conflict": [
			{"id": 349},
			{"id": 350},
			{"id": 352},
			{"id": 353},
			{"id": 354}
		],
		"stitch": [
			{"id": 378}
		]
	},
	{
		"id": 380,
		"color": 0,
		"conflict_degree":4,
		"stitch_degree":0,
		"conflict": [
			{"id": 352},
			{"id": 353},
			{"id": 377},
			{"id": 378}
		],
		"stitch": []
	},
	{
		"id": 388,
		"color": 2,
		"conflict_degree":5,
		"stitch_degree":2,
		"conflict": [
			{"id": 386},
			{"id": 395},
			{"id": 417},
			{"id": 420},
			{"id": 421}
		],
		"stitch": [
			{"id": 389},
			{"id": 391}
		]
	},
	{
		"id": 389,
		"color": 2,
		"conflict_degree":4,
		"stitch_degree":2,
		"conflict": [
			{"id": 395},
			{"id": 416},
			{"id": 417},
			{"id": 420}
		],
		"stitch": [
			{"id": 388},
			{"id": 390}
		]
	},
	{
		"id": 390,
		"color": 2,
		"conflict_degree":1,
		"stitch_degree":1,
		"conflict": [
			{"id": 420}
		],
		"stitch": [
			{"id": 389}
		]
	},
	{
		"id": 391,
		"color": 2,
		"conflict_degree":6,
		"stitch_degree":2,
		"conflict": [
			{"id": 386},
			{"id": 387},
			{"id": 393},
			{"id": 417},
			{"id": 418},
			{"id": 420}
		],
		"stitch": [
			{"id": 388},
			{"id": 392}
		]
	},
	{
		"id": 392,
		"color": 2,
		"conflict_degree":4,
		"stitch_degree":1,
		"conflict": [
			{"id": 387},
			{"id": 393},
			{"id": 417},
			{"id": 418}
		],
		"stitch": [
			{"id": 391}
		]
	},
	{
		"id": 393,
		"color": 0,
		"conflict_degree":4,
		"stitch_degree":0,
		"conflict": [
			{"id": 391},
			{"id": 392},
			{"id": 394},
			{"id": 418}
		],
		"stitch": []
	},
	{
		"id": 394,
		"color": 2,
		"conflict_degree":3,
		"stitch_degree":0,
		"conflict": [
			{"id": 393},
			{"id": 397},
			{"id": 418}
		],
		"stitch": []
	},
	{
		"id": 395,
		"color": 0,
		"conflict_degree":4,
		"stitch_degree":2,
		"conflict": [
			{"id": 388},
			{"id": 389},
			{"id": 415},
			{"id": 417}
		],
		"stitch": [
			{"id": 397},
			{"id": 396}
		]
	},
	{
		"id": 396,
		"color": 0,
		"conflict_degree":6,
		"stitch_degree":1,
		"conflict": [
			{"id": 398},
			{"id": 399},
			{"id": 404},
			{"id": 410},
			{"id": 414},
			{"id": 415}
		],
		"stitch": [
			{"id": 395}
		]
	},
	{
		"id": 397,
		"color": 0,
		"conflict_degree":4,
		"stitch_degree":1,
		"conflict": [
			{"id": 394},
			{"id": 413},
			{"id": 416},
			{"id": 419}
		],
		"stitch": [
			{"id": 395}
		]
	},
	{
		"id": 417,
		"color": 1,
		"conflict_degree":5,
		"stitch_degree":1,
		"conflict": [
			{"id": 388},
			{"id": 389},
			{"id": 391},
			{"id": 392},
			{"id": 395}
		],
		"stitch": [
			{"id": 418}
		]
	},
	{
		"id": 418,
		"color": 1,
		"conflict_degree":4,
		"stitch_degree":1,
		"conflict": [
			{"id": 391},
			{"id": 392},
			{"id": 393},
			{"id": 394}
		],
		"stitch": [
			{"id": 417}
		]
	},
	{
		"id": 430,
		"color": 2,
		"conflict_degree":5,
		"stitch_degree":2,
		"conflict": [
			{"id": 428},
			{"id": 435},
			{"id": 465},
			{"id": 469},
			{"id": 470}
		],
		"stitch": [
			{"id": 431},
			{"id": 433}
		]
	},
	{
		"id": 431,
		"color": 2,
		"conflict_degree":6,
		"stitch_degree":2,
		"conflict": [
			{"id": 428},
			{"id": 429},
			{"id": 465},
			{"id": 466},
			{"id": 467},
			{"id": 469}
		],
		"stitch": [
			{"id": 430},
			{"id": 432}
		]
	},
	{
		"id": 432,
		"color": 2,
		"conflict_degree":4,
		"stitch_degree":1,
		"conflict": [
			{"id": 429},
			{"id": 465},
			{"id": 466},
			{"id": 467}
		],
		"stitch": [
			{"id": 431}
		]
	},
	{
		"id": 433,
		"color": 2,
		"conflict_degree":4,
		"stitch_degree":2,
		"conflict": [
			{"id": 435},
			{"id": 464},
			{"id": 465},
			{"id": 469}
		],
		"stitch": [
			{"id": 430},
			{"id": 434}
		]
	},
	{
		"id": 434,
		"color": 2,
		"conflict_degree":1,
		"stitch_degree":1,
		"conflict": [
			{"id": 469}
		],
		"stitch": [
			{"id": 433}
		]
	},
	{
		"id": 435,
		"color": 0,
		"conflict_degree":4,
		"stitch_degree":2,
		"conflict": [
			{"id": 430},
			{"id": 433},
			{"id": 462},
			{"id": 465}
		],
		"stitch": [
			{"id": 436},
			{"id": 437}
		]
	},
	{
		"id": 436,
		"color": 0,
		"conflict_degree":4,
		"stitch_degree":1,
		"conflict": [
			{"id": 457},
			{"id": 463},
			{"id": 464},
			{"id": 468}
		],
		"stitch": [
			{"id": 435}
		]
	},
	{
		"id": 437,
		"color": 0,
		"conflict_degree":6,
		"stitch_degree":1,
		"conflict": [
			{"id": 438},
			{"id": 454},
			{"id": 456},
			{"id": 460},
			{"id": 461},
			{"id": 462}
		],
		"stitch": [
			{"id": 435}
		]
	},
	{
		"id": 465,
		"color": 1,
		"conflict_degree":5,
		"stitch_degree":1,
		"conflict": [
			{"id": 430},
			{"id": 431},
			{"id": 432},
			{"id": 433},
			{"id": 435}
		],
		"stitch": [
			{"id": 466}
		]
	},
	{
		"id": 466,
		"color": 1,
		"conflict_degree":4,
		"stitch_degree":1,
		"conflict": [
			{"id": 431},
			{"id": 432},
			{"id": 467},
			{"id": 468}
		],
		"stitch": [
			{"id": 465}
		]
	},
	{
		"id": 467,
		"color": 0,
		"conflict_degree":4,
		"stitch_degree":0,
		"conflict": [
			{"id": 431},
			{"id": 432},
			{"id": 466},
			{"id": 468}
		],
		"stitch": []
	},
	{
		"id": 468,
		"color": 2,
		"conflict_degree":3,
		"stitch_degree":0,
		"conflict": [
			{"id": 436},
			{"id": 466},
			{"id": 467}
		],
		"stitch": []
	},
	{
		"id": 4100,
		"color": 0,
		"conflict_degree":6,
		"stitch_degree":1,
		"conflict": [
			{"id": 4099},
			{"id": 4105},
			{"id": 4106},
			{"id": 4107},
			{"id": 4108},
			{"id": 4118}
		],
		"stitch": [
			{"id": 4101}
		]
	},
	{
		"id": 4101,
		"color": 1,
		"conflict_degree":4,
		"stitch_degree":2,
		"conflict": [
			{"id": 4103},
			{"id": 4107},
			{"id": 4108},
			{"id": 4118}
		],
		"stitch": [
			{"id": 4100},
			{"id": 4102}
		]
	},
	{
		"id": 4102,
		"color": 1,
		"conflict_degree":5,
		"stitch_degree":1,
		"conflict": [
			{"id": 4107},
			{"id": 4108},
			{"id": 4109},
			{"id": 4118},
			{"id": 4119}
		],
		"stitch": [
			{"id": 4101}
		]
	},
	{
		"id": 4103,
		"color": 0,
		"conflict_degree":6,
		"stitch_degree":0,
		"conflict": [
			{"id": 4101},
			{"id": 4104},
			{"id": 4106},
			{"id": 4108},
			{"id": 4109},
			{"id": 4110}
		],
		"stitch": []
	},
	{
		"id": 4105,
		"color": 1,
		"conflict_degree":4,
		"stitch_degree":1,
		"conflict": [
			{"id": 4100},
			{"id": 4104},
			{"id": 4107},
			{"id": 4108}
		],
		"stitch": [
			{"id": 4106}
		]
	},
	{
		"id": 4106,
		"color": 1,
		"conflict_degree":5,
		"stitch_degree":1,
		"conflict": [
			{"id": 4100},
			{"id": 4103},
			{"id": 4104},
			{"id": 4107},
			{"id": 4108}
		],
		"stitch": [
			{"id": 4105}
		]
	},
	{
		"id": 4107,
		"color": 2,
		"conflict_degree":5,
		"stitch_degree":1,
		"conflict": [
			{"id": 4100},
			{"id": 4101},
			{"id": 4102},
			{"id": 4105},
			{"id": 4106}
		],
		"stitch": [
			{"id": 4108}
		]
	},
	{
		"id": 4108,
		"color": 2,
		"conflict_degree":6,
		"stitch_degree":1,
		"conflict": [
			{"id": 4100},
			{"id": 4101},
			{"id": 4102},
			{"id": 4103},
			{"id": 4105},
			{"id": 4106}
		],
		"stitch": [
			{"id": 4107}
		]
	},
	{
		"id": 4496,
		"color": 0,
		"conflict_degree":6,
		"stitch_degree":1,
		"conflict": [
			{"id": 4495},
			{"id": 4499},
			{"id": 4500},
			{"id": 4514},
			{"id": 4515},
			{"id": 4516}
		],
		"stitch": [
			{"id": 4497}
		]
	},
	{
		"id": 4497,
		"color": 2,
		"conflict_degree":3,
		"stitch_degree":2,
		"conflict": [
			{"id": 4502},
			{"id": 4512},
			{"id": 4515}
		],
		"stitch": [
			{"id": 4496},
			{"id": 4498}
		]
	},
	{
		"id": 4498,
		"color": 2,
		"conflict_degree":2,
		"stitch_degree":1,
		"conflict": [
			{"id": 4502},
			{"id": 4512}
		],
		"stitch": [
			{"id": 4497}
		]
	},
	{
		"id": 4499,
		"color": 2,
		"conflict_degree":3,
		"stitch_degree":1,
		"conflict": [
			{"id": 4496},
			{"id": 4501},
			{"id": 4512}
		],
		"stitch": [
			{"id": 4500}
		]
	},
	{
		"id": 4500,
		"color": 2,
		"conflict_degree":4,
		"stitch_degree":1,
		"conflict": [
			{"id": 4496},
			{"id": 4501},
			{"id": 4502},
			{"id": 4512}
		],
		"stitch": [
			{"id": 4499}
		]
	},
	{
		"id": 4502,
		"color": 0,
		"conflict_degree":7,
		"stitch_degree":0,
		"conflict": [
			{"id": 4497},
			{"id": 4498},
			{"id": 4500},
			{"id": 4501},
			{"id": 4503},
			{"id": 4512},
			{"id": 4513}
		],
		"stitch": []
	},
	{
		"id": 4512,
		"color": 1,
		"conflict_degree":5,
		"stitch_degree":0,
		"conflict": [
			{"id": 4497},
			{"id": 4498},
			{"id": 4499},
			{"id": 4500},
			{"id": 4502}
		],
		"stitch": []
	}
]